Type	TSS_coordinate	Direction	Gene_start	Gene_end	Gene_name	Locus_tag	Locus_tag (old)	Minus10_3end_coordinate	UP	Minus35	Spacer	Minus10	Dis	Start	ITR
CDS	4349	-	3192	4268	acsF	SGL_RS01895	sll1214	4357	AATACCATTGACTGGTATCGGCAACAACGGAGCTAACTACTGCAAAAAGTTCCGTTTGCAACAAAACACGTAACAGTTTGTAACAGTTGCCCCCCCTGAC	TAGAAA	CCCCGTTTCAACCCTTGT	TACACT	AGGCAA	TAC	CTTTTGCCCGTTGCTTTGATGGCGAGCAGACCTTGTTATTGATTGGAAACTTGTTAAGGAAACTATTTTAAACAACTCTATGGTTAATACCCTCGAAAAG
CDS	77854	-	77494	77826		SGL_RS02205	sll1057	77862	ACTGAATCTTAATTAATTACCTGGCTTGTTAAAGGCCACTTCACGGCGATCGCCCGTCGTCTGGGCTAGCAAAACCAAGGGGATCAGTTGGGATCAGTCC	TCCCTT	TGGGGTCGAAAATGGTTG	TAGCAT	GGACAA	CAA	GGGATCAGTCCGCTAGAAACATGCCCATGCTAGCCGTTAACGAAGACAACTTTGATAACCTCGTTCTTCAATGTCCAAAACCGATCTTGGTTTACTTTGG
CDS	92545	+	93128	95152		SGL_RS02280	slr1129	92538	TTGTGGGGGATGGGGCCCTAGATGAAGGATTAGAGGCGGCTTTGAATAAGGTAGACCGCCATCGGGCAGTTTAGGCAGTTAGCTTGGGGGCTGGGCTTTC	TTGCTA	AAGGCTACCATTTCAGGT	TATATT	CAGTT	TAA	ATTCCTTGGGTATTAGGTTTATTTTTTGACAATGCCCGGGATATTTTGGGGGGACTCCAACCCCTCAGGCTTGACGTCCAATGGAATCATTGACGTTGAT
CDS	117736	-	116518	117693		SGL_RS02380	sll0704	117743	ATGAACGGGCAGCAGTCAATAATAAAGGTATCGCCATATTTTATCGGCAATGATCAGCCAAATTTCGCCCAGTTTGCAATGATAATTATTTGCTAGGCGA	TCGCCG	AAGGGTTGAGGAAGAT	TACAAT	GGGAT	CAA	TCCCATAGGAAGAGTGTTATCCGTTACCTGATCAATGTGCCATGAAAATTTACCTCGATTACAGTGCCACCACTCCGCCCCGGCAAGAGGTAAAGGCCGC
CDS	126607	+	126639	127064		SGL_RS02435	slr0737	126604	TCGATTACACCAACCTACTGGGCGTTCTAACAGAGATGCTCTACCCATTGTCCTGGGGAGCAGAATTTGGTGAAATGTTACAGTTCTTGACAAAGCCAGA	TGGTAA	CCGTAGGTCAGTGGTAG	GATTCC	C	TAA	AATACCTTATGAAATTCCATTTTCATCCCTATGACAGAACTCTCTGGACAACCGCCTAAATTCGGTGGCAGCACTGGTGGACTTCTCTCCAAAGCCAACC
CDS	146868	-	146724	146831	psbM	SGL_RS18650		146881	AAACTCTGCGCTGTAAATAATAGCGACCATGGTAAGTGGTGGTGGATAGTAAAATTAGGCGGAGAAGGCGGAGCAAAAAGTTTGGCCAGCCCTTCAGCCA	TTGCCC	CAGGGCCATGACCCACC	AATGCT	ATTCTAGGTAG	GGT	ATTGAGCCAAATTTAAGATCGAGGCAGTTTAGGCTATGCAAGTTAACAATCTCGGCTTTATAGCAAGTATTTTATTTGTGTTGGTGCCAACGGTTTTCCT
CDS	150489	-	149889	150455		SGL_RS02560	sll0226	150496	TTCGTATTCCTCCTTCTGGGACCGTTTGAAAAGTCCCCTAGCTCCCAAAATTTGGTAGAGGTTAGACCCCAGTTCCCCTAAGGTGATCGCCCTATCATCC	TAGCCC	CTAGCCCTGATGGGG	TAAAAT	TCAAT	GGT	TAGTTTCGTTGTAATTATTGTTAGAGAAATACATGGGTGGACAGACGCTCGCAGAATCTTCCCAAGTTTTGCGCCAAGAAGTATTGGGAGCCCGCCGCTT
ncRNA	153165	+	153167	153599	rnpB	SGL_RS18395		153163	AGGCAAATTTTTTCATTGGTCAACTCCTAGCACCAATTTCCCAAGACTACGGAGGGGGCAATGAAGTTTCAATTAATTGGGGTCACAAACCACAGCGGCC	TATGGC	TCTAATCAATGGCACAC	TAGAAA		AAG	AGAGTTAGGGAGGGAGTTGCGGATTCCTGTCACAGGGAATCTGAGGAAAGTCCGGGCTTCCCAAAGGCCAAACTTGCTGGGTAACGCCCAGTGCGCGCGA
CDS	297981	-	297493	297888	psbU	SGL_RS03265	sll1194	297989	ACCATGAATGGCGAAAATATGTAATTGGTATTTAATCTCTCCAACGGTTAAACCAACCGCAAACCTAATAAGTATAATTACTCAGTCAATCCAGGGAAGA	TGGTCA	GCCGTGCCCCAAGAATA	TACAAT	CTATTG	TAA	TTAGCGCTGGTTTGACCTCCCAAAATCGGCGCAGTCGGCATAATTTTCTTAGATAGTAACAATTCATTGCCTTGGTTATAGGAGACAATTCATGAAATTT
CDS	299115	-	298826	298957		SGL_RS20110		299122	GGAGATATGCCCAGTGGGCAAAAAATAAATTGAGCAGTAAAAAGTTGCCCTGGAGTCTGGTCTAAAAAATTTGCCCAATTTGACAATATATTAAGAAATC	CTCATC	TAACCTGTTTTTCATTG	GATAAT	TAAAA	CAA	GAGGAAAGATCAGGGGGCAGGAAAATAAATTACCTAATACCTAGTCCTGGTTGATAAAACCAGAGGCAGAAAACCTCCCCGTTTTCTCAAACTTGCCCAA
CDS	305638	+	306844	308076		SGL_RS03310	slr1303	305630	GAAACCCCGGTTGCAGGAAATGCAGACCCTATTGTTTGGCGGTTAGTTGGGTTGGTTGCCGACTTCCATCGATTGGGGCTGAAGAAATTTCCTTGTGCCC	TGGCAT	TCTGGCCTGGATTGCTGG	GATAAT	GGCCTC	TAT	TATGGGCTTTTGTATCGAAACCATAGTTCTGAAGTTATGACCCAAACCTCCCTCGCCCCGTCCCGTCATCCCCTCAGAGGATATATTCAAAATCTAGAGG
CDS	336638	-	336313	336582	rpsO	SGL_RS03445	ssl1784	336645	AGTTTGGCCCATAGTTATCTGTTTTAGATCTGATTTGAATCTGGAATGATTTGCCCCCCAACGTCTTTGGTTGTCGATAACTTTCCCTTTTCGTGATGGA	AAGGAG	CCCTCCGGCAAACGTGA	TATAGT	AAGAG	ATT	GCAACGAAATTTATCGCCCAATACTTTACAGCCTAGGTTTTTTCCACAGAGACTATGTCCTTAACCCAAATCCGTAAACAAGAATTGATGACCGAGTATC
CDS	339638	-	339140	339625	apcD	SGL_RS03465	sll0928	339646	CAGCTTTTGCTTCTAGCCCCCAGGCCGTGGCCGTCTAGGGAAGCAGCAGGAAAAAGTACACTGCCTCAGGATGAGAGGGTATTTAGCCTGGGGCAGTATG	GGGCAA	CTCAGGCTAAACTACAG	TATGAT	ATGAAA	TTC	TTGTTGATATCATGAGTGTAGTTAGTCAAGTTATTTTGCAAGCCGACGATCAACTCCGCTACCCCACTAGCGGTGAACTCAAAGGGATCCAGGCGTTTTT
CDS	339650	-	339140	339625	apcD	SGL_RS03465	sll0928	339656	GTGTTGAAAGCAGCTTTTGCTTCTAGCCCCCAGGCCGTGGCCGTCTAGGGAAGCAGCAGGAAAAAGTACACTGCCTCAGGATGAGAGGGTATTTAGCCTG	GGGCAG	TATGGGGCAACTCAGGC	TAAACT	ACAG	TAT	GATATGAAATTCTTGTTGATATCATGAGTGTAGTTAGTCAAGTTATTTTGCAAGCCGACGATCAACTCCGCTACCCCACTAGCGGTGAACTCAAAGGGAT
CDS	467159	+	467201	467296	psaM	SGL_RS04090	smr0005	467152	GGGGTGAACTCTAGCCCCTGCCGAGGAGTTGTGCCTGGCAGCCTCAATGGAGATGGGAATGGTTAAGTATCGACTTTTCTAAAGACTTGTAACAACTTGT	TTCCCA	AAACTGCCCCCATATTG	CAAAGT	GTTGT	TAA	TGTTTCTCACGATCTGTTTTTATCTAGGAGTTAACTATCCATGGCATTATCCGACACCCAAATTTTGGCAGCCCTAGTGGTTGCCCTCCTGCCTGCTTTC
CDS	538447	+	540011	540763		SGL_RS04365	slr1762	538440	CCATTCCCCGCCTAGGCAGTGATTGGGGAAAGTTGGTGGGGGCAGCGGATCAATATTTGTATGAAGCTAAGGCCCAAGGGCGTAATCGTTTAGTCAGTGG	TCGATG	AGGGGAAGAACCCATGG	GATAAT	CAGGC	CAA	CACTACTCCGACCTATTTTTTTGATGAAATTTTTTACCGCTATGCGCGACATTCTTATTAGTCTGACCGTTGTTACTTTTTTTAGCTTGGTGTTAATTTC
CDS	543450	-	542105	542596		SGL_RS04375	sll1642	543458	AGGGTTTTAGTCGGGATATGGCGGACCTTTTGTTAGCGGACATGGAAAGGGCGATCGCCTATTTTGCCAGCCAACCGGACCACAAACCGAAGCAGGAAGG	TTCCCA	CTTTAGCCATTAGGCAT	CATAAT	CATTCA	CAA	TGAAACAGACCTTAAATATTTGAAAAATGAATGGGAAGAAAAATTTCTTCCCATTCCACAAAAAATCTAAACACAATTACAAGGAGAATTTCCTACGATT
CDS	553243	-	553065	553202		SGL_RS04440	sml0005	553256	AAAACTGACCCGTTGTTTGGCCCATAGAATGCAGAACCTTTACAGTTCCGAGAATGTCTCTCTGTGCGAGGCGATCGCCGCTTCGTGAATTTCGTCAAAA	CGGCTA	ATGGGGGAAGGGGCCAT	CATGAT	AAGATTTACCG	TAA	ATTAAGATTTTATTCTTTGTCAGTCAGGAAACTCAAATAATGGAAACAATTTATTTGCTCGCTAAATTGCCGGAAGCCTATCAGATTTTTGACCCCCTGG
CDS	565954	+	566059	566805		SGL_RS04510	slr2032	565946	CGTTTGATCCATCCCTAGCCACAGGCGATCAAGGCCGTTGCTACCAAGCCACACCATGGCCAACAGCAGGGGCACTCCCCAGGATTTAGACAAAATTTGC	TTAACC	ATAGCAGGGGTTAGACG	TAAGAT	GGATAC	CAA	CAGCCCATCTTTTATGATTGGGCACCGAGAGTCTTCCTGGCCTGACCCAAACGGTTAGGGTTAGGGGGGCTTACCATTTAGCATTAATCATTTTGGTAAT
CDS	570602	+	570658	570903	psbE	SGL_RS04530	ssr3451	570594	AATCTTTATCGGGTGGTGTTCCTCAGTCCGGAAAAAGGATTTGTGTTGGGGCAGGATGGGATTTTGCTCAAATATAACCCCAGCACCGAGGTGGCAATGG	TTCCCT	AGGCGGCTCACAAAATAG	TAGACT	AGACTC	TAC	TTGCTTTGCATTTGTCAGTCAATGTTGTTTTGAAAAATTGAAGGAGAACACAAAATGTCAGGGACTACCGGCGAGCGTCCATTTTCCGATATTGTCACCA
CDS	579750	+	579787	580194		SGL_RS04585	slr2041	579743	TATTCCAGGTAGGAACGTTCCATTTCTTCGTGGAGATCGGTGGGGATAATTTGACCGCTGGGGAAAGATTTTCTGGCCATGCCGCTGGGAACCTGTGCGC	TCGTCA	ATTCGCGGCCAATGT	TAGCAT	TGGAA	AGG	CTGATTCTCCTCCCCACTTTGCCGGGTACAGTTTTATGACAACGGTTCTCATCGTCGAAGACGACCCCATGAACTTCCGGGTTTTTTCCAAAATTCTCAC
CDS	596455	+	596498	597247		SGL_RS04660	slr2051	596454	AGTATGGGGAGCTCGATCGCCCTGCCAAGCCATCTGAGGAATTGGCTAACCCTGAATGGAAGGGCGATAATTGTAATAAATTGTAATATTTGCCAACGAT	TAGGAC	CCTTCCCCCTTATTATT	TAAACT	*	TAA	CTAATTATCAAGCTCTTCTTTAAGATCACGGAGGTTTACACTTGGCTCTTCCCCTATTGAACTACGCCCCCAAAAGTCAAAATGTGAGGGTAGAAGGTTA
CDS	604782	-	603443	604726	glyA	SGL_RS04690	sll1931	604783	TGTCCGGATCTCGAATATCTTTTGACAACTCAGTGTCACAACGGCTTCACGCTCCGTAACAGGTGGCTTTGTAGATATCACACTCTGAAAGACGGGGTTT	TAGACC	CGGTTTTCCGATAAACT	TAGTAA	*	AAT	ACTCAAGAAGCGCGGTGCTTTCCGCCCCCAGCACTGTTTACAGGAAGATAAGACGTGAATCAAACCAACCTCGACTTTTTAGCCACCAGCGACCCCGCCC
CDS	618897	+	619215	619529		SGL_RS04770	slr1915	618890	CAGGGGGAATGTCGGCAGGAAAAACTGGCCTATGGGCTTGTTTCAAGACCGGTCTGCCAACCACAATCCTGGCGATCGCCGGCAAATTCGGGAAACCGTA	TTTTGC	TAGGCAAAAATAAGTTT	TACAAT	GGGAA	GAA	CTCCATGGCACGGGGTCTTCTGTCAATACAGAGGGTCTTTGTGCCCCTTTAGTTCCCCCAGGGGTTGGGCACGATTCGACTGAGGCACCCAAGCTAAGGT
CDS	636340	+	636372	637523		SGL_RS04850	slr1020	636331	TGGCAGCCAAAGGTAATAATGTGGTAGCGACGGTGGGAAACATTCATGGGAAATAGGGCGAAGCAATGAACAGCACAATGTCTGATTATAGTTCCCCGTC	TTGACC	CCCGGCTGTCCCCCAACCT	GATAAA	TTGGACA	GAT	ATCAGTGATAGACATTTACTCGGATTTAATATGAGAGCTCTGGTTATTGGCGGTGATGGTTACTGTGGTTGGGCCACGGCACTGTATCTCTCTAACAAAG
CDS	645865	+	646129	658047		SGL_RS04910	slr1028	645864	AGCAACAGATGGGGGCTTGCTGACATCATTACCCCGTTCCTTTTTGGCAACGGTCATTTGGGTGTGAATTTTTGTATCTTTCGCCTTTGCGTAGCGCATT	TTTCAA	TAAAGGTCAATATACCAT	TAGTAG	*	GAT	TGTTTGGTTCATACCACGAAAAAATTGAGTCCCTGTTGAGACCGTCACCGTGGTTTTAAATCTTACCGACGGTCTTTTCGCCATTATTGCAAGACTGCCC
CDS	701128	-	695290	695874		SGL_RS05105	sll1289	701135	CAAGCGGGTTGGACTAAATACGCCGAAAAAATGAATGGTCGTTTCGCCATGATTGGTTTTGCCTCCCTCCTTATTATGGAAGTGGTCACAGGGCACGGCG	TCATTG	GTTGGTTAAATAGCCTG	TAGAAT	AGGCC	GAG	TAAAGCTCCCCAAGCCATCCAAGGTGGGCAAAAGCTCAAGTAAAAAACCTCCGTATTGGGTGGCTATGCCTTGAAGAGCTGTCAAGGGTTTTCAACTGGG
CDS	712803	-	711608	712768		SGL_RS05185	sll1283	712811	CCATTCCATCGAAGTTTATTTCCTCTACAAAAAACTTGCCCAGTGGATAACCACCGTTATTTTAACGATCTTTCCCCCTTTGGTCGGCGCTGTAACTGGC	TTGGCA	AAATCCCCGGCAACAGC	TACCTT	GGTTAG	GAT	TGACCGGTAGATTGTGCTGTGAGGAAATTTGTCATGGAATTTACGACCAAAACAGGGGGTTCCCTGCCGACAAACTTACGGGTTCTCCTCCCCTGGTTAC
CDS	727718	-	726948	727466		SGL_RS05250	sll1577	727726	GAACGAAACTGGTTGTCTTCCCTTCCCAATCCAGGACAATCTGAGAATCCCCTGCAACATTACTTAACAAAAAAGCAGGAATAAAATTAACAAGATGTAA	CAGACA	TAAGTCCCATCACCGTTG	TATAAA	GTTAAC	TGT	GGGATTGCAAAAGCATTCAAGCCTAGGCGCTGAGCTGTTTGAGCATCCCGGTGGCCCTTGTCGCTGCCTCCGTGTTTCTCCCTGGATTTATTTAGGTAAT
CDS	733407	+	734665	734859		SGL_RS05295	ssr2857	733403	GCCATTTGACGGACTGATGATCATTGATCATGCAATCACCGGGTTGATAAGGTCGACAAAATAGAAAGAAATCTTCCGGGCGATCGATAAAGTGGGGAAT	TTGAGC	TAACCTTTGATGGCAC	TATGTG	GA	GGT	CAATCACTGGATAGCCATGGCGGATTGTTTTTTTGTCACTGGGGGCACGGGCTTTGTCGGGGCTAATTTGGTCCGCCATCTGTTGGAGCAGGGTTATCAG
CDS	736245	+	739682	741931		SGL_RS05320	slr1710	736238	GATGGTTGGGTTGCAGTGGATGCAGGCCCCCATTTGGAAGCCGCTTTGGCTAATTTGATGGCGGCCCAAAAATATGCCCAATCCCAAGCTGACTCCCAGC	CCCAAA	GTTAAACGACGGATATC	TATAAT	TAAAC	AAC	CGATGGATTTCCCATTGTTTCAATTCCCTGAGTGCATCCAACTCGGGGATTTTTTATTTGACTATGGCAACAGCCTAGACAATTCCAACAAAATGTAATC
CDS	801399	-	800034	801206	speB	SGL_RS05590	sll1077	801405	CGCAAAGCTATGCTCAATCCCTGGATAGGGAAAAAAAGCTAATTGATGTCAGGTTTTAAACTTTAGTTTGGCGATCGCCGATAAAAAGTAGCACAGAACA	CAGTTA	ACTTAATCATCCCTAGC	TAGGGT	AGGG	GAT	ATTGTTTCTAGGGTTCCGATTCCTGGTGATGTGGGGAATGGCTGGTCCGAGAGAAACAGGCTAGGCTTTGTAAAGATTTTTGCCACTAGCTACACGGCGG
CDS	809360	-	806716	809325	leuS	SGL_RS05615	sll1074	809366	GCGACAATAATTGTCTGGCGTATGTTGAATTGAATAGTTTCCATAATCGCAAATTTCAATCTCTACGTGGTCACTGGTCTAGGATGGTTAACAGACAACC	TTGGGC	CCAAGTCAGAATGGTA	TACTAA	CAAG	CCT	GTAATCAACTGGGCTTAGGAGATCTTGGTCGTCGTGGCATCCCCATACAACGCTGGTGAAATCGAGCAAAAATGGCAACAACGCTGGGCTGAATGGGGGT
CDS	811282	+	811489	812793		SGL_RS05630	slr1147	811280	CCTCGCCGCTTTCAATATTAAACTGAGGAACAAGCTCCAAAATCTTACGACCTTCTTGACGACGACGACTCTTCCGTTTGCGTTTACGTGCCAACCCAGT	TACCTC	CTATTTCAGCTATATGC	TGTAAT		GAT	AGTTACAAAAGCCGTGCCGATTATATCCGGTCTAATTCTAAATATCAAGCCCCTCAAGCCCTTGCGGCGCTAAGGGGATCGCTGATTCTAAACACCATTT
CDS	820062	-	817967	819979	tkt	SGL_RS05660	sll1070	820077	TGTGCCGGGGCAGAGTCGGGCTTTAATAGTGGATGTAGCCCTATCCAACTCCTTTGGTTTTGGTGGCCATAACGTCACCTTAGCTTTCAAAAAATATCAA	TAGCCC	ACCGAAAAATTTCCCG	AACCGT	GGGAAGATGGTAG	CAA	TTTGGCCTGCCTTGGCCCCTACCATTACCGCCCCCCGGTGGATATTGACCCAATTATTGCTAGTTTATTTTTCCAAACATTATGGTCGTTGCTACCCAGT
CDS	821908	-	821550	821783	acpP	SGL_RS05670	ssl2084	821916	CCTGGCCCGGTTGAGTTACATAGAAAAAATCTTGCCCCACTGGGGAGAATAGAAGCCCCTATTTGACAAATGTTTCTGGCCAAGGGACAGGGGAAGCATC	TAGTGC	AAGGGATACCTTTCCGT	TAAGAT	GGTTAA	CGC	TGAACAATTGAGCGCATTGCTAACCAGGCGGCCCTGCGACAGCCCCAAGCTGTCCCCCGTTTTGCTGGCGATCGGCCGTTGACCCAGCACGAAAACTCTT
CDS	831245	-	831101	831217	rpmJ	SGL_RS18715		831252	CCTATCGTCTTAAAAATAAAAAGTAGTTATTAATTTGACGGTGGCAAAGGTAAAAAATTAATGCTTCCCCTCAGTGGGGAGAGTTAATTTAATATTTGCC	ATGACA	CGGCCACGATAACTTGT	TATAAT	TAAGA	GCT	TGCAGTGTTGCCAAAGAAAATCAGGCATGAAAGTTAGAGCTTCCGTTAAGAAAATGTGTGATAAGTGCCGCGTTATTCGTCGGCGCGGTCGTGTGATGGT
CDS	842951	-	841972	842613	rplC	SGL_RS05850	sll1799	842959	TAACAAAATTTAACACAGTACCATTTTAACGAAATTTGCGCGTCAACGAAAGAATGCTTGTTCTTGTAAGGTTGGGGCATGGCCTAGGAAGAAAATTAAT	TTGACG	GGGATTCCCTTTAGGGC	TATGAT	GATTAA	TCG	CGGTCAAAACTGGATATTAGATAGAAATAATATCAAAACGTTCCACTGCTATTTTTTACGACCCCCTGCGGATACTGAATGCTTAGGCTTTTAAGTCTGA
CDS	849136	+	849904	850545		SGL_RS05895	slr1900	849128	ATGGATTAAGCAATCATTTTGGACGATAATCTTTTACCTTTGCTCTCAGGTTCTGCCCAGTTAAAACTTTTGCAATTGGTCAGCCCGACCCTGCCGGTGG	GAGCCT	ACAACTATTCCGAAGGCT	TAGAAT	GGTTGA	TAG	AACGGGGAAATATTACTAATGCTGATACCTTAGGAGCGTGGATTACCCAGGAGTTATGCCGGGGGTCCATTACGGTGGACACAGCCATTATGGTTCGAGC
CDS	862219	-	861873	862166	rpsT	SGL_RS05940	ssl2233	862226	TGCGCCGAACTCCACGGTGGTATGATTACCGTAACCAGCCAGTTGGGCCAAGGTAGTCGCTTTGAAGTGGAACTACCCCTCTGGTACAGTTAGGTGACCA	TTGTCG	TGGCGTCCCCAAACTGT	TAGAAT	AACAA	TTC	TGATCTTTATGAACCCGCCCTTTTTACAGTTACGTACCCTAGAGAGCAACCGTGGCTAATATCAAGTCCGCCCTGAAGCGCATCGAAATTGCTGAACGCA
CDS	862322	-	861873	862166	rpsT	SGL_RS05940	ssl2233	862337	GGTATTGGCATTGGCCCTGAGGACATTCCCAACTTGTTTGATAGTTTTTACCGGGGCACCAATGTTGGTTCTATCCCTGGAACCGGTCTGGGACTGCCCA	TTGTCA	AAAAATGCGCCGAACTC	CACGGT	GGTATGATTACCG	TAA	CCAGCCAGTTGGGCCAAGGTAGTCGCTTTGAAGTGGAACTACCCCTCTGGTACAGTTAGGTGACCATTGTCGTGGCGTCCCCAAACTGTTAGAATAACAA
CDS	890609	+	890827	891024		SGL_RS06050	ssr2016	890602	TGGCCTGGTATTGGATGACAAAACCCAAATTCTTAGGGGATTAGAGCCCAAGGAACGGGTATTCATCGATTTACCGGAAGACAGTCAAGATGCCCTCAAT	CCGCCG	GAGGACTCCACCGAGTCG	GACAAT	TGATC	AAG	CCAAACCGCATCTAACGCCAAGGGAGCCCCAACAGGCTCCTTTTTTATTGCGACCAGTAACGATAAAAAAACTCCTTGTCAACTTTGCTTTACAAAAATT
CDS	900771	+	901197	902315		SGL_RS06085	slr1214	900764	ACCCCGAAAGAATATCGTAGTCGCTAGCAGTTTCCAAGCAAGATCCGGGCGAAAAAATAAAATCGATGTCAAAAATCAACTAGTTTGTCAAAAATCGACC	AGGACA	GGGTTGGGAATTTTTCC	TAGGAT	GGGAC	TGT	GCTGGTGAGCGACGGGCTGCGAATGCCATTGGCTCAAATCCCAACCTTGCCAAGGATTAGACCTACTCCTACCCGCTTATTTTTAGGCAAGTTCTTGCAG
CDS	909505	-	908968	909483		SGL_RS06130	sll1968	909518	CCCATGTGGAGTGTGCAGTAATTCTCAAAGCGGTCAATGGTTAAGCAAAGGATTCCTCAGGGTTATGGTAGCGGCCAGCACATTCAGGCCTCCCAGGCGA	TCGAGT	ATAATGGTTGCCATCAG	TACTGT	TAGATTGCTAC	TAG	TCCGGTGTGAGGTGGAGCGCTTGCTAAACATTAATTTTCCCCACAGGCAATCCCATTGGCAAAAAGTCAGTTTTTCTTCGACCCTTTACCTTTATCCCAT
CDS	909528	-	908968	909483		SGL_RS06130	sll1968	909536	ATTTCTTTCCCCAAACAGCCCATGTGGAGTGTGCAGTAATTCTCAAAGCGGTCAATGGTTAAGCAAAGGATTCCTCAGGGTTATGGTAGCGGCCAGCACA	TTCAGG	CCTCCCAGGCGATCGAG	TATAAT	GGTTGC	CAT	CAGTACTGTTAGATTGCTACTAGTCCGGTGTGAGGTGGAGCGCTTGCTAAACATTAATTTTCCCCACAGGCAATCCCATTGGCAAAAAGTCAGTTTTTCT
CDS	927244	-	926860	927222	rplS	SGL_RS06230	sll1740	927250	AATGGTGGTCATCGGCTTTTCAATTATGATCCAGCAAAACTGCATTCTAGCGGCCAACAGTCCGGGCGCAACAGCAAGGCAAGTGGGAAAAAAGCAACTT	TTGCAA	AAGAGGGTAAATCAGT	TATGAT	GAGA	AAT	TGTCAGTTTTTACTATGACCATGAACGCCCAAGCCATAATCAATTCCATTGAGGCAGAGTTTCTCAAAGAAGACCTGCCCACCATCCATGTCGGTGACAC
CDS	941542	+	941686	943941	psaA	SGL_RS06305	slr1834	941532	ACAAAGTTCAACTTTGTCTTGACTTTTGTAAGTCTTTGCAAAATCTAGGAGCTAGAACTGGTCAGGGCTGGGGCAATTTTTAATTATTGTTACGCAGGTC	TTGCCT	AGGGGGGGGGAGGCCG	TATTAT	CTTCTAGT	GAT	GTTTGCTGAAAACGCCTATCTGTGCAAGGTTTAACATCGTTATTATGAAGCGAAAACTAATTCCCTTTTTTACGCTTCCTCTATTACACTATTCTGCATA
CDS	941641	+	941686	943941	psaA	SGL_RS06305	slr1834	941638	TAGGGGGGGGGAGGCCGTATTATCTTCTAGTGATGTTTGCTGAAAACGCCTATCTGTGCAAGGTTTAACATCGTTATTATGAAGCGAAAACTAATTCCCT	TTTTTA	CGCTTCCTCTATTACAC	TATTCT	G	CAT	AGGAAACCCTTAATAGTTCATTGTCGAGCGAGGAGAACCCTGCATGACAATTAGTCCACCCGAAAGAGAGGCTAAGGCCAAAGTCTCGGTTGATAACAAC
CDS	960127	+	960156	961094	cysK	SGL_RS06370	slr1842	960112	CACCGACGCCTTCATCGGCACCGTCCGTGGTACCTTCACTTTCTAAGCCTGAGTCCGTCTTCTTAAGACACTTGTTTGAAAGTTAAACTCTAATAACTCT	TTAACC	CCGCCTCTGGTGGGGTT	TTTCGT	TGTAAGATGCAGG	CAG	ATTTCCCTTCTTGGTGGGCCCTTACCTATGAAAATTGCCAGTAATATTACAGAGCTAATTGGTCGTACTCCTCTGGTTCGCCTCAATCGCATTCCCCTAT
CDS	983779	+	983804	984475		SGL_RS06480	slr1545	983772	TCTGTCGAAGTTTTGTCGAAATTTAGGGATAAAAAACGGGGAAAGTGGAGAGAAAAGTCGTTGTGCCTAGGCAAAAGTTTTAATTTTTTTAGCAAACACC	TGTGAT	TCTAGAAACTCTTACGG	TATCCT	TACGT	CAA	CTAGCCTATGTGAGGAGTCAGCCGTGTTGGGTAAATCCATGAATCAAGCCGTCAATACCAACTGGGCGATCGAGAGTGGCGGAGGCAAACTAAGTGCCCT
CDS	1014490	-	1013045	1014337	ftsZ	SGL_RS06615	sll1633	1014498	CCAACCCCCCAAGGAAAAAGCAGCCGTCAACAAACCCTAATATTTTTACCCTCCACTCCAGCCATTCTCCCGTGATAGAGGGAAAAAGCTCAGATTCACA	TTGACA	AATTTGCTCAATATGCC	TAGTGT	AGGGAC	GAT	AGACCGCTGGGATTTGTGCTTGGGCGAGGGGATCTCTGTCGTCGTAAAAAGGCTTCAATACCCTGCTGCTTCGGAAGCGTTGCTCTCCCTGTGGTTGCTT
CDS	1033844	+	1033902	1035545	prfC	SGL_RS06700	slr1228	1033837	TAGGGCCCATCCGCATTGACCTAGGCTTTACTGGAGAGGGAGAATCCCGCATTAACTTCGGTATTGGCGAGAAGTTCTAGGGCAAAACCCAACCCACCAT	TGGACA	GATCCGCTGTTAACTTGA	GACAAT	GTTTG	CAG	CTAGAGCCTAGAAAGAGTGGGCCCATTGCTAATGCCCGCTTATTTTTTCCCATCGCATGCAAACTTCCCCATCTTCCACTGCGCCGTGTGCGGACAAAGC
CDS	1095530	-	1095248	1095436	psbZ	SGL_RS06990		1095537	CCTTCGGGGTGAGTCCTTAATTACCCTGGTTTCATTGACCGGGGAAAAATTTCCCACCCACAGAGCTAGGCGATCGCCTCTGGGTAATCCGGCTATGTGC	TTCCCT	CAGGGCACATATTTTGG	TAGCTT	ACTTA	GGG	AAAGATTCAACGATAATATTTGCCCATATCAGCGACTGTCGAGGATTTCAGCCGGGGACAGTCTTGCTCAATTTATAAGGAGAAACTCTAAAATGTCCAT
CDS	1116042	-	1114429	1116012		SGL_RS07090	sll1270	1116050	CCCAACCTAGAAAAACTGTATTCTGCAATGCTGTTTTAGTCTGCTTTTGCGACAATACTGACCAAGGTTATGAAAAGTTTATTAAGTTTGTTGATGGTCT	CCGCCG	CAATAATCCCCCTTGGGG	GAAAAT	GCCAAG	GAA	CTACCGCCAACGATGAGGAGTGAAGGGCATGGTTAAACTGGGCCATTGGGGTAAAACCTGGCGTTATTATCTGTTGCTGGCTTTGGGAGTACTGTTGGCG
CDS	1135216	+	1135337	1135588		SGL_RS07155	ssr1480	1135209	ATGGAAGCCCCTGTTGGGGAAATCCTAGGGTCAGTTGACCGGGCGCTGGGGAGGGTTTTGGCTAAAATTTTCCCTTGTGAAGACATCTAGACAAATTGGC	CATCAA	ATTCTGGCGGCAGGTGC	TATGAT	CAGCC	AGT	GAGATTAAGGATCGGTAGACGCACTTGTTATGAGTGTTAGTGCATTGTTTATGGTTACGCTTAGCAGGCTTCTCTCCGAAACCCACTCTCTTTCTTTTCT
CDS	1141984	-	1141803	1141946		SGL_RS18765		1141992	GCCAAAATTAGGGCCAACATTGCCTTGTTCTCCGAAGGTTAGTCACTTCTGTTCTGTTTGAGCCTAACATTATCCTCCCGTTGCCTTTTTCACCACAGAC	TTGCCA	TGGGCGCAATACTCTGT	TACATT	TATTTA	CAT	AGACAACCCTCCCAGCTCGTAATTACATTCTTAACCATGAACAACGAAAACTCTAAATTTGGATTCACTGCTTTCGCCGAAAACTGGAATGGTCGCTTGG
CDS	1146880	-	1146290	1146718		SGL_RS07205	sll0871	1146887	CCCTAACGTTAACCCAGCTCCTTGGCCGCAGGATTAGGGAGAATGGGAAAAAATACTTAAATCTTTCCTTGGCGATCGCCGTGGTTACCTGGGGAATAAT	TGGCAA	CAATGGTCGGATTTGGG	CACAAT	GGGTA	AAT	ACGACCAAATAAGGCCAGGCAGAAGGATTTTGAATACTAGATTGTGGGTTGTGATATGTCCAGATTCTTTGACCGTTCTTAATTTTTTCCCGATACTGTA
CDS	1167287	-	1167053	1167247	psbH	SGL_RS07325	ssl2598	1167294	ACGGAGGGCCAAAGGAAGTGTACACAGCCAGACCAGTGATGGCGATGAGAATGACAGCAAAAGTAATGCTAAGAACTGTTGCGGATTCCATGGGGTAAGA	TTGATA	GTTGTTTCTGTTGTCTTA	TATTAT	TACAG	AAC	ATTACAAAAACTCATTTAGTCATTTTTACGGGAAGTCTATGGCACAGCGCACTCGGTTAGGAGATATCCTCAGACCCCTCAACTCGGAATACGGTAAGGT
CDS	1167306	+	1167333	1167464	psbN	SGL_RS18770		1167303	GCCCGGTACGACCTTACCGTATTCCGAGTTGAGGGGTCTGAGGATATCTCCTAACCGAGTGCGCTGTGCCATAGACTTCCCGTAAAAATGACTAAATGAG	TTTTTG	TAATGTTCTGTAATAA	TATAAG	A	CAA	CAGAAACAACTATCAATCTTACCCCATGGAATCCGCAACAGTTCTTAGCATTACTTTTGCTGTCATTCTCATCGCCATCACTGGTCTGGCTGTGTACACT
CDS	1258333	-	1256905	1258263	murD	SGL_RS07755	sll2010	1258340	CCAAGTGTCTTCTGCTTTGGTGTAATGCCCAATCAAGCGGCAAAAAATCTTAAATTGAGCCGAAATATCCCGGCTTTATCCCTGGGGGGGTTTTGGTTAG	TTGGCG	GTGATCCCCCTCAAAGC	TAAAAT	GGTGC	GAC	ATCGATGCCAGGGGCGTTCCCTTTTTGCCCCCAACTTTCAATAGTTTTTAACAGTAAAGTCAAACCATATGCCCCAGGCTTGTGTAATTGGGTTAGGACG
CDS	1268352	-	1268189	1268308		SGL_RS07800	sml0007	1268360	TTGAGTTGGGAGCGGTGACTGCCTCTCTGACAGGAGATCTTAACAGAGTTTTTCCTGTTTGCCGGCTTGGTCATTGCCCAGACCTGTGGCCCGGTTTCCA	TTCCCA	AGGGGTCGGGATTAGGA	TATAAG	ATTAAG	AGT	GTTCGGAAAATTTATATTCTTTTAACAAAACGAGGTACAGCAATGGATTGGCGTGTAATTGTAGTTGTTAGCCCCCTTCTGATCGCCGCAACTTGGGCCG
CDS	1284582	+	1284660	1285943	hemA	SGL_RS07880	slr1808	1284575	GAAAAAGAATTATCCCTACAAAAGATTTTGCAAGCCGCCCAATGGTTACCGGAGCTAGTTTTGCTTAACAAAAATTCATGAGCCCCGGCGGGATGGACCC	TTGATT	GTGGTCTGCCATTCGGAC	TACATT	GCAAA	GAT	TAGAGAAACTTGTTTAACAAAAAACGTCGTAATTTCTGCGACCACCACCTTATTAGAGAATCCTTTAGGAGAACCCATGAATATTGCCGTTGTGGGACTG
CDS	1289326	-	1289142	1289273		SGL_RS20140		1289333	GCGTTCCACGTTCAAACACTTTTACATTCGCTTTGTCAAAGAACCCTTACATATCTACACGGGGAAAGCCTAGTTACGGGAACTTTCGTCAAATAGGCTA	CATAAA	GCCTACCGATCCGGCCT	TAACCT	GAAGA	TAA	GACATAAAGTCAATATCACCCTCCGATTGCTAGAGGTCGCCCATTGCTTCAGTGGCGGCTTTCTTTTTAGAGTTTATTAGTCCTTTAGAAGCTGCCATGC
CDS	1297553	-	1296993	1297499		SGL_RS07945	sll1694	1297560	GTGATGTATGAGGAACTGGGGTTATTAATGCTAGAAGAACGGTGAGCATAGGTTGAAAATGCTGGCCAGTCCATACAACAAAATTTTTTGAGCAGGGTGA	TAGGCA	AATGAGGGGCGATGGG	TAAGTT	ACAGC	TAG	AAGGGTTCCGACCAGTTATTTAAATTTCCCCTACAGAAGGAAGAAGACAATCATGGCTAGTAATTTTAAATTCAAACTCCTCTCTCAACTCTCCAAAAAA
CDS	1311440	-	1306436	1309264		SGL_RS07990	sll1687	1311447	TTTCACTCAGTTTCCCCCCAAATTTGGGGGCCAGGGAGACTTTTAAAGCTGGCACCGATCGCCTGTGATTAGAATCACCATTCACCAGTGACCCATTGGC	TTGTTG	ACCCCCAGTGAGAATCA	GATAAT	GAGGG	CAG	GATTCAAAAAAGCGGGTGCACAATGTAGCACAGGGTTAGTTTCCGAACCTAATCAATGGGGACGAAACTGGCCGCTTTTTTTTGCCGTTCCACCAGTACT
CDS	1350188	-	1348840	1349898	psbD	SGL_RS08205	sll0849	1350202	TAACCCAGCTCCAGCAAAAAGATTGGGAGACCAGTCAGACCCTCACTAGCCTCAGTCATCGCATCAATATTGCCGGCCAAGCCCCGGAATCCTAGACCCC	TGGCGA	TCGGCGATTATGAGAGT	GAATAT	GTCAGAATGTAA	AAT	ATTTGCTAATAATATGTAGATGCGTTTCGGCAAGGAACGCCAACATAAGTGCAGGTTTGGCCCCTGTGGCCTGGCTTGCTACCCATAAGAAAATGGCATC
CDS	1399300	+	1401059	1401361	ureA	SGL_RS08455	slr1256	1399292	GCGCCCAGGCGATCGCCGCCGATTTCAACCCCCAAACCGTTCCCCCCACCAGGGAAATAGTCACCGTGGGTTAAGCCGCCTGGACTCCCTGGTAATCTTC	CTGACA	AATGGCAACCCTAATGC	GACAAT	GCTAAA	TGG	CTAACGGTCAAATTTCTCCCCAGCGTGCAGTTACCAAACCCCAATCCTGGTGGCTGACTTCCGAACCCCGTCCGTCCTTAATGTTACAACTGCCCAAACC
CDS	1400415	-	1396311	1397039		SGL_RS08430	sll1150	1400422	ATTTTAGTGGTGGGGGCACTGCTGTCCATCCTTTGGCAGTTGCGGCAACTGTCCCAGTTTTGAACAAACTTTGTGATTTCTCTTCACCTAAGGGGAAACA	TCGGGG	CGATCGCCTTTGTTCGC	TACACT	GATAG	TTT	GAACCCTTCATAAAGTGAGTCCTTAGCCTACAACGGTTGGGGGCTTTTTTTCAGCGGGAAGTCAGGATCAGATCAACCATCGATCAGTGGTCGGAAAAAA
CDS	1412096	-	1410995	1412044	hisC	SGL_RS08515	sll1958	1412104	GCAGTTTGGCCATGGCATATCTCCATGTCGTCCCAATCCATCCCTAAAAAATAGCCCAAACAAAGGGCATTCTTTCCCCTGTTTTTTCCTAGACGTCGCC	TTTACA	GCGGCAACGGTGTCGGGG	TATGGT	CTGTAA	TGG	GAGAAGCTTTAAACAAAGGGATTTATTGCCCCTTTGATCGTAATTGCGCAATGGTGTCTATCCGTCCGTCCGTCCGTCATACCCCCGCCTATGTGCCTGG
CDS	1432973	-	1431996	1432898	prmA	SGL_RS08595	sll1909	1432980	GCAGGTGGGGCGCAAAATTGTCCGGGGCGATGCAATTATGGCCCTGAGCTTGGATGATCCTCTGCCCGATGGTCTGCTGTCGGAAATCACCAAGGTGGCC	GGTATC	CGGGATGCCTACACCGT	TAAGCT	CTAAT	TAG	CTCACCAAGGGTCCAAGTCAATGGGGGGAGGAATTAATCTTCCCTACCGTTGGCGCACATAAGGGAGAAATCGATGGCTGCGGCTAATAGTTGGTGGGAA
CDS	1475529	+	1475555	1476718		SGL_RS08785	slr1722	1475523	TGCGGATCCCGATCCCCAAGAATTGACCGCTGGTTTTGCTCCCCGTTGGATGCCATAGGCTCTGATCCCCACTGGATTAGGGTTATTAGGCTGTGCTGAC	GTCCAA	AGGGTCAGATTATTTGG	TACGCT	AATT	TAA	ACAGTTTGGGAATAGTAAGTAAGCGTGAACATTACGATTGGACGGGGAAAAACAGCCCGTCGAGCCTATGGTATCGACGAAATTGCACTGGTTCCCGGAG
CDS	1488611	-	1487445	1488395		SGL_RS08845	sll1594	1488617	CCTAAGCTGATTTGCGTTAGTCAACAGTTCTGTCATGGGACTGAGAATCGGGCCTCGGCCCCAGGTGGCGGTTTATCAATGCCAACTCCCCGGACTAAGC	TTGTCA	AAATCATTGGCTTTATTC	TATCAT	TGGT	TAT	CTAACAACAATCCCAGGTCTATGAAAGTGAGTGTAATAGCCATAGGTCTATTTTAGTTATTGACTTCAGCACATCCTAGACCCAAGCCCAGCCAGGACCG
CDS	1548840	+	1548873	1550738	ilvB	SGL_RS09105	slr2088	1548833	TATGTTCATCTATCTAAACCCAGGTCCCAGTAAATACTAGTCTTTATTTACTTCAGTTGACCTAAATGATGTAAGTTTGTTAACTTTTCCTCTTTTGCCA	TAGGGA	GCCCATCGCCGATTGAGT	TAAAAT	TAGAA	GAC	TTAGCCTACGCTTCCTAAAGCGATTTGTCCAGTGGTTGCATCAATTCCTAATCCCAAAACAAATTTCCTGAAAACTGTTCCTAGCCAACGGCAAACCGGG
CDS	1558975	-	1558427	1558627		SGL_RS09155	ssl3769	1558982	CCCACCTCTCCCCGCAGTCACGGTAATCCCCGCCCCAGCTAGGAGCTTGAGCAACCATAGCCAGAAACTATGCCAATCATTAAACTGCTACAGGTTCGGC	TATCCC	GCCCTTAGGCGATCGGC	TAACAT	TTATT	TGT	GTGTGAGGAGTAAGATTAATAAGGAAGCAGCCGGAGGGTCGAAACATGGCAAGACTCCTTGCGGACTTCCTTATTTTTTTGCCTATTTTTTCGGTAATAC
CDS	1560330	+	1560387	1561424	glpX	SGL_RS09170	slr2094	1560322	TCAAAAAGCAGGCAGATAATCCGCCCAACTCTTAATCTTAGAGGATCTTTGGTGCCCGCCGTGGTCAGCGCCCAAGCCTAATTACCCCCCTCAACAATGC	TGTACG	CTGATCCCCCCCTCTGA	TAGACT	TTTGAC	TAT	TAACACTTAATCACAAGCTAGGGAAACCTAATCAGCAGTTGGGAGGATTCAATTCGTGGACAGCACCCTCGGTTTAGAAATTATTGAAGTCGTAGAACAA
CDS	1587045	-	1585209	1587020	proS	SGL_RS09270	sll1425	1587051	GAGCGGGAGCAAAATACTGGGGAAAATACAGAGCAAATACATCCCCGGATTCAAGTGGCACTCCGATTTTAGCTGAATTAAGGGATTCTCGGCGCAGTCA	TTCAAC	ACAATTTAACTGGTGTGG	GATAAT	GGGT	CAG	TGCGTCATTTACCTAGGCTCATTATGCGACTGTCCCAGATGCTCTTTGTCACCCTCAGAGACGATCCAGCGGATGCGGAAATCCCCAGTCATAAACTTCT
CDS	1596776	+	1596795	1597841	plsX	SGL_RS09320	slr1510	1596768	GAATAACAACGATATCAAGGTAGCCCATTTTGTCAGTAGGCCCCTCAGGGAAAAACAAGCCTAGGTTATGGATCAAGTTAGTTAGATGGATGGGGAAAAG	TTCTGC	TTAACCGGGCGGTCTGC	TACAAT	TTTTGA	GAT	TCAATGGGTTTTGATCAATGGCTGTAACGCGGGCGAAAATTGCTTTAGACGCAATGGGCGGTGACTATGCCCCCGAAGAGATTGTTATCGGTGCTATCCG
CDS	1607317	+	1607353	1607952		SGL_RS09370	slr1516	1607309	GTTGGCGGCGATGATTACCAAGGCTTTGTCGCTCTTTTTCTTGCCCATGGCCACCGGCAATATTTTGTCTTTTGTGCGGTTCTCCACCGGATTACCGACC	TTTTAA	CCGAGGAAACTTTAGGG	TAAAGT	GAGAGC	CAT	GGAATCCCCTATTGAGTAGAGAATTTAAATTTAAATGGCTTACGCACTACCTAACTTACCTTACGACTACACCGCTCTGGAACCCTGCATTTCCAAAAGC
CDS	1610784	+	1611574	1612629		SGL_RS09395	slr1520	1610776	CAGCCGGAGCAAGTCAGTAACTGTAAATTTATTGCTGTTAATTTACATTTCTTCAGCGGCATGTTAATGGCTGCGGGCTATGGCTGGGCTGGCCTGGGCT	AAGGAC	TACCACCGCCAGTGGGT	TAAGAT	GAATTA	CAT	TATGAGCAATGGTTTGTCCCCTACCCCCATCAACGCCCCAGGCTGGTTAAACAGTGGGGTTGCTAGTCTTTTGGTCAATGGCCATGTTCCCCAAGGCTTA
CDS	1619636	-	1618127	1619605		SGL_RS09430	sll2001	1619644	AGCTATCCCGGCTTTTTTAGCGCATTAACAACATACCAAGAAGTATCAACCTTGACAAGCTCTTTGGACAAATCCATAAACCGGGGCATTAACTGCCCGA	TCGCCA	GCGGTTATGGGAGTGTGG	CAAAAT	GGGGGA	CGG	ACAGTCCCTCAACAGAAAAACAAACAGCGATGCAGATCCGCGGAACCGACTACACAGCTTTGACTTGGCAGGGAGATGCCCTGGCCCTGGGATTTTTTGA
CDS	1650732	-	1649907	1650443		SGL_RS09630	sll1239	1650740	GAGTGAAATATTTCTTAATGTATTCTAACCAACTCAGTGTAAGGTTTGACTCTAGCCGAGAAGACAGTAGATATTAATTTGTAAAGTTTTTTTACTATCT	TTAAGA	TGATCAGTAAAAATAAGT	TAAAAT	TACTTC	CAG	TAAATTGGAGACCAAAGTCGATAAACATAGAATAGTTATAATACTTAGTTCATATAGGGGGGACGAAAAAATCTCGTAAACGCAGTTTTCTAAGTAACAA
CDS	1671919	+	1679360	1679938		SGL_RS19200		1671911	CTATGGTCTCTGCCTCAGTTTTGGCTTTGGCGGCCAGAATGGGGCGATCGCCGTGGGACACGCACCACTACCAACAAAATGAACCGGACGTCAAGTCTCG	TTGACA	AAAATTAACATTATGTT	TACTAT	AAAAAA	CAT	AAGGCTATGGAAACCCGACAGAATTCCTTTGCATGAACTATTAAGGGCACGGGTTCTAGGGGTTTCGGTACCTTCCATTGACATTGAGTTCTCCTAGATA
CDS	1678974	+	1679360	1679938		SGL_RS19200		1678967	CAACAAAAATAGTTCAAATAAATTGCACTAGATTTTGTTAATATTTCGTAACTAAATTAATATCGATTACTTCCCTTTAGTGAATAAAGTTAAATATTGC	TTGCCA	TTGTTGGTGGGATTTTG	TACATT	GAATA	CAT	GGAGCCGAAGGGCTTCACTGGCAGATAAAAACAGCCACTTCCGTCCGAAAACCCTAGTTTAACAAGAGAGGTAAAACCGAGCTGTTTCTTTCTAAATCTG
CDS	1689984	+	1690005	1690934		SGL_RS09825	slr0809	1689976	CCATTCCAGGGCTACTGGATTGATCGGCTGTGTTCCTTCATACCAGTTAACTGGCAACCGTACCTTATTTTCTCAGGGGTAAACAAAGTGAATTGCACTG	ATGCCC	AGCCATTTGCCAAATGC	TAAACT	GATGCC	ATT	TGAACAAAGCGGGGAAACAATGCGGATTTTGGTTACCGGGGGAGCAGGATTTATCGGTTCCCATCTTATTGATCGCTTGATGGCCCAGGGCCACGAGGTT
CDS	1700655	+	1700893	1701135		SGL_RS09885	ssr1386	1700648	CATTTTGATTGTGTTTATCAGCCCATTGAGCAAAATGCTGGGCAGGAAGGACCCTTGCTCGCTGACCAATTTACTGGGACAAGCCAGTGGCTGGTGTGCC	TTGCGC	CCTAGCTTCAATTTTTGA	TACAGT	GATCG	GAC	TGATATAGCAAAAAATAGCGAAAACCAAGCTAGACACGTACAAAATATTCTTTTGTGACCGTGGTTTTGCCCTTCGGAACGAGGGTTTTCCGCCCGTCTT
CDS	1712553	-	1710814	1711659		SGL_RS09940	sll0808	1712561	GTTCTAGAGGCCGGAGCCAACGCCATTGTGGCCGGTTCTGCGGTGTTCAATGCCCCCAATTACGCTGAGGCGATCGCCGGAGTACGCAACAGCAAACGTC	CAGAAC	CCCAACTGGCAACGGTG	TAAAAT	TCCGCC	CAT	GGACAAAATAGGGAAACAAGGGGGCAATATAAACCCCCATTTCCTGCCATAACAAAAGCCCAGGAAGGAATCCCCTGGGACAGTTAGTTGTGAGGTGGAC
CDS	1723066	-	1722160	1722969	rpsB	SGL_RS10005	sll1260	1723073	TACCCTGGACTTAAAACGAATCAAATTTTTGGTTGTTCTGACTGAAGATTGTCGTCGATTTGGATTAAAGGCAACAGAGTTTATTTCCCAGTGGTAAGCG	TGGGTA	ATCGGGGCGATCGCCTGC	TAAACT	GGAAA	GGT	TGTCAAAAATTCGCACATCCAAGCTTTCGGGTGTTTCTGCCACAGGCGGAAATTCCCTTGGATGAAGGATAAACCCGAATAGGAGAAAATTTAACATGCC
CDS	1742520	+	1743443	1744192	cysE	SGL_RS10115	slr1348	1742508	TCTTTGTTATTCTTTGGATTGTGTGCAAACGATGGAGGTCATTAAAACCTTTCCATGGCCGAAGTTTCATTGATATCCCAGACAAATTGCCCCGCTGTCC	TAGACC	CCCCGCCGCAAGTCTTC	AATGAT	ACAATGGAAG	GCT	GGAATTCCATCAACGGCGATCGTATGCAAAGACTCATCGAGGGACTACAAAAATTTCGAGAAGGTTATTTCTCTTCCCACCGTGACCTCTTTGAGCAACT
CDS	1744205	+	1744498	1746093		SGL_RS10125	slr1349	1744193	TTACAACAGCAACAATCGGAACAGGCCTGGGAATCGGATTATCGCTCCTGCTCTGAAACTGACCGGGAACCGGTGCTCTGTCGCCTTGGCGATCGCGAAA	TTGAAG	AATTTTTGGGGGGCACCC	TCTGAT	ATTCTCCCGG	TAG	CCATAACTGGGATGGGATGTGGAGGGGCATAGGAGGTGACTATTTGTTGGTTCACTTAGGAATTTTGGACAGAACTTTGGTGGTTAACCACACACTGTCG
CDS	1751822	-	1751311	1751769	rplI	SGL_RS10150	sll1244	1751828	TGGCATCTGGTTGCGGAGGGCCGTCCCCCATGGTAACAGAGTAACTTTGCCTTTCTGTCCATTGCCCCAGGTAAAAATTGCTCCCTGGCGATCGCCAATT	TTGGCG	GGATTCCCCCTAAAGGT	TAAGAT	GGAG	GTT	TGTGAATTGCTCCACAAGCTAAACAAACTTCATATTGGAAAAATTACGGTTATGGCAAAGCGAGTCAAGGTCGTTTTAAACGAAACTATCAATAAACTAG
CDS	1792688	-	1791417	1792676	argJ	SGL_RS10330	sll1883	1792695	AGAAAGGGCGACAGAAATTCGTCAATTGTTGGGTTATTAATCCCATCGCCAAGGGACAAAGGCGAAAATCAGCAATTCCTGACCGGGGTTGAAGGACCAA	TAATTA	ACCCCGAGCAGAACTGC	TATGAT	TGGCC	TCT	GAGTTTGAGAATGTGGCAGGCTTTTCCTATGGCTGACTGGCAGGTAATTGAGGGCAACATCACCGCCCCCAAAGGTTTTAAGGCGGCAGGCATCACGGCG
CDS	1816600	-	1814231	1815304		SGL_RS10425	sll1869	1816608	AATTCTCATAGTTCAGGTAGTTGCAGAAAACGGTCATAAAGTCTCAGACTAGTTGCTTTAAGATCAAATTGGGGACAGAAATAACCAAACTTTATTTTTT	GTTACA	AAAATCGTGTTCCATGT	TACAAT	TTTCTA	TAT	AGAAATCAAAGACTGCGCGAGTTGGGAAACCGCCACTGAGATTTCCTCAAGCAACAACAACATTTGGTGGAGTCAGGGAGAGTTTCTCTGACTCTTTTTG
CDS	1816602	-	1814231	1815304		SGL_RS10425	sll1869	1816608	AATTCTCATAGTTCAGGTAGTTGCAGAAAACGGTCATAAAGTCTCAGACTAGTTGCTTTAAGATCAAATTGGGGACAGAAATAACCAAACTTTATTTTTT	GTTACA	AAAATCGTGTTCCATGT	TACAAT	TTTC	TAT	ATAGAAATCAAAGACTGCGCGAGTTGGGAAACCGCCACTGAGATTTCCTCAAGCAACAACAACATTTGGTGGAGTCAGGGAGAGTTTCTCTGACTCTTTT
CDS	1820085	-	1818915	1819997	psbA	SGL_RS10440	sll1867	1820092	ACCACCACAGACTGAAGCCCCAACGGAATCAATCACCCCTCTAATGGCGATCGGCAACCCCTAGCAACCACCGGCTAGACAGATTTTTTTCAGCAAGCTA	TTTACA	AATTGTTACAATCTTGT	TATATT	ACTCA	TAT	ACATAACCGGCTCCCAAGCAAAGAAATCTCTGAGCTTGAGGCCAAATCCTTTGAACATTGACAAATACATAAGGAATTATAACCAAATGACAACGACTCT
CDS	1864166	-	1856070	1857917		SGL_RS10645	sll1178	1864174	ATCCCCCCTAGTAGCAATCCCCCCAGGGCCGCTAACAAACAAGATTTCATCGATCGGTTAATCATTACAGAACACTCCTCAACCAAAATGACCAACGGAC	TGGAAA	ATAAGCCGCAAAAGTTAA	TAAAAT	TTAATA	TGT	CGTCAGCGTAACCGGAGGTGTGGGCGATCGCCTGCCAATCAACACCAATTTAGACGGCGATACCTAATAAATGTAACCCAATTTCCCCCAGCCGTAACCT
CDS	1875001	+	1875129	1875491	ndhC	SGL_RS10725	slr1279	1874995	TCCATTCTACAAAAGAGCGGGCACCGAAATGTGAATCGTTTCAGAATTGGATTATTGCCCAAACGATTAATAAGCATAGGTTAAACATATAGTTCAGGGC	TTGGTC	TGTCCTGGTTGGAGTCC	TATAAT	CAGA	AAA	ATTGGCAGAATGCCCCCAGGCGATCGCCCACAAGTCCGGTAAGCTTGACCCAGGTGTAATCCCTTGGGGTGCAACACCGCTGGACCCCCCCTGACCACCA
ncRNA	1886879	+	1886880	1887065	ssrS	SGL_RS18420		1886872	GTAATTAGTGAAACTAAATTAGGTTGAGTTTGATTCCCCTTAGTGCGTTATCTGGAAGAATTTCAACTCGATTAACGTCTCTGTTCGGAGGCTAGCCCCA	TTGCCC	GATCGCCGAAGGATGGGGT	TATAAT	GGCAG	GGA	AGTAACTACCGCGTTGGTGACTGCCAACAACGTTTTTTGATCTATGCTTGAAAAATAAGGGTGTCTCTGTGCATTCTGCGTGGTAGTAGACCGGGCTCGT
CDS	1886925	-	1883329	1884624		SGL_RS10765	sll1167	1886932	CACCACCACGCCGTTTTACCTCAGTTTATGACCTGGTGTAACCAGGGGGGAGTCATCAATTCTCGTTTTCGTTTCCGGGTACGAGCCCGGTCTACTACCA	CGCAGA	ATGCACAGAGACACCCT	TATTTT	TCAAG	CAT	AGATCAAAAAACGTTGTTGGCAGTCACCAACGCGGTAGTTACTTCCCTGCCATTATAACCCCATCCTTCGGCGATCGGGCAATGGGGCTAGCCTCCGAAC
CDS	1903945	-	1902437	1903924	gatB	SGL_RS10865	sll1435	1903947	TCTCCTTCCCAATTCCCCCGTCCCAAGCCGGAAAAACAGCAAAAATCCTAGGCTTTGATCCGATCGCCGCTGGGGGTTAGTGAGGGAGAAAAGTGCCCGT	TGGACG	GCGGGAGTATGGCAGAA	TGGGAG		GAA	GCCAATCTGCCGGAAATTCATGACTGCCACTGCTGTTAAAACCGATTACGAAGCGATTATTGGGCTAGAAACCCACTGTCAGCTCAACACAGCTAGTAAG
CDS	1919816	-	1918815	1919285	rpsG	SGL_RS10935	sll1097	1919823	ATACCTACCCGTCACCTTCATCGCAGCAGATAAAACTTAGGTTGACAGCGCTAAATAGGCAGCGGTATGATGAAAATTTGTCGATGATTTTCTTATCTAT	TAGGAG	AACGATCCTAATTCCCAC	TATATT	TAACA	CAT	GCCAACTATCCAGCAGCTAATTCGTAGCGAACGCTCGAAGGTACAGAAGAAAACTAAATCCCCTGCCCTCAAGCAATGTCCCCAACGGCGGGGAGTCTGC
CDS	1938922	+	1938985	1939494		SGL_RS11045	slr1171	1938915	GCACCACAAACATTCCGATATTGAATTTCATTATTCTTGCCTAAAAACGTGGTAAAGCCCCTAGCTTTAGTCATGGCTAGTATAGGAACCTTGGGGCAAT	CTGCTC	CCCTCTAAGTTTTTGT	TAGACT	ACAGA	AAT	TGTTGATTGATTTGTTGAGTTAGACAAGTCTTTTTTTACTGTTTTTACTTCGCTAAATTCTATGACTGCCCAAGCCAACAACACAATCTACGGTTTTTCT
CDS	1945417	+	1949613	1952270	gghA	SGL_RS11090	slr1670	1945408	TATTAATTATTGGTGTTTGGATTGGCATATTTGCCCTGCTTAACCGTTGGCTATGGCGACAGGGTTTGAAACAATATTCTGGCATGGGAGCGTAGGGCCA	GGGCCC	TTTGCCTGGTTTCAGGT	TACTAT	TCTCAAT	TGA	CCCACTAAAGTGACCCCAATGCTGGGGGATTTTTTTCTAGCTTCTCCCCCGACTTGGGATTCAATTCCCCCATTTAATTGGGGCTTGGCCTAACTTTTTT
CDS	1981804	-	1980365	1981471		SGL_RS11235	sll1555	1981813	GCTTTATTCTGCGTCCTCCCCCTCCCCCCGACTTTCCCAAAACAATTCTTTACATATCCCTGCTCCTGGGAGTGGTTCTAGGGAAAAGAGCTTGACCCAA	TTCCCC	TTTCTGGATCATATGGA	TAGATA	ATAGAAG	CAC	AATCGACAGTTATGAATAATCTTAAAATTTCCTGGGGTTTCTAGATTTTCTTTAAATCTTATTTTCCTTAAATTTTCCGTAATCTCTTCTTAAAGTTGCT
CDS	2021992	+	2022028	2023071	fbp	SGL_RS11420	slr0952	2021985	GGGAAGATACTAACTTGAAAATTACCACCCCCGTAGATTTGGCGATCGCCGAATTTATTTTGGGGCAGAGGTCGGCAAAATCCGCCTGAAAATAGGCAAA	TTTCGG	GGTTCGGAAAGATCAAGC	TAGGAT	GGAAG	GGA	CTTTGAGCCTAGCAATCCAAGGAGACTTTTATCCATGACCGTTAGTGAGATTCATATTCCTAACTCTTTACTAGACCGGGATTGCACCACCCTTTCACGC
CDS	2043865	-	2043107	2043838		SGL_RS11535	sll1535	2043873	ATTTCAAACGTCGTATCTGGCGTTGCTGGAAAAATACTGTCATCAAGCCCCTCGTCGGACTTAGTGGCGGTGGGAGTCCTCAGTTATTTAGCAAAGAATC	GTAACA	ATTGTCGATTCAGGCTT	TATGAT	TAGGAC	CAT	ATGGTGTGATGTGTGATGGAGTACGATGACTGCCAATAGCTCACCGATCTCTGTAAAAGCCCTCCGTGCTTTGATGAGACGCGGATTTTATCCAACGGTC
CDS	2070935	+	2070975	2071382	psb27	SGL_RS11645	slr1645	2070928	CCCTCCAGGTGACCAACCAGGCTTTGGCCAATCAGAATGGAGCCCCCGAAACCAGTATCCCTTCCCCCGCCCCCATCCTCAAGTCAGAATAAAAGGAAGT	CTTAGG	GGGCCCTGGCCAACTGG	TAGGAT	AGAAA	AAT	TAACAAAATTTAGTAACAATCCAGGGAGGGAACCCTCAGTGATGTCCTTTTTGAAAAATCAGTTGTCACGGCTGTTGGCCTTAATTTTGGTGGTGGCGAT
CDS	2087244	-	2086305	2087129		SGL_RS11735	sll0427	2087252	GATGGGCTGTTCGCAAACAAACACCAACCCAAATGATAGTGGTTTGTGGCCAAAGCCTTGCTCTGACCTGTTGCGGAAATGCCCCTTCCGGCCATATGGC	TGGTAA	GGTAACGAAAGTTTGG	TAGAGT	GGATCT	CGT	TAAAATATGCCTATTTTGTCCATAATCCCTAGGGTTGCATCCGTGTAAGTCTGGAGCCGGACAAGGCCTGAAAAAGACAAAAAATTTGAGATTGACTTAA
CDS	2098760	+	2098921	2100261	urtA	SGL_RS11810	slr0447	2098747	CCCAAGATTGTTCTTGCTGAACGGTTCCAATGCTAAGCCTCCCTGACAATGGGGACAAAACAGGCGCAAAAGGGGCTTAGTCGGACAAAACGGTATCCTA	TGCTAC	ATAATTTTTTCTTAACC	TACTCG	TAGTATGGGGT	CTT	ATTTGTTTCCGGCGGATTTACCCTGGAAATCCACTGCCTTGTTGACCAAAATAAACTGCGGATAAAAACTTTTTAAGAGCACTGTTTCCGCCCAATAAAC
CDS	2128695	-	2126243	2127589		SGL_RS11910	sll0260	2128703	CCAGAAGATAGAGGTCGATTGATGATTTGGTGAACTGATTGGGTGCGGGCGGCGTTTCCAGTCATGGACTAAATCTCTATTTCAGAATTTACAAACCCCC	CAATCA	TACGCAAGATGATTTTT	TAAAAT	AGACAA	TAT	AGATACAAAAACAACGACCCATTTCTTTGCCTCCCAAGGGGAAGCGTAAATGGGTCGACATCGTTGGATCACAATATGAAGAAATATTACAAACAGATAC
CDS	2152662	-	2152291	2152629		SGL_RS12045	ssl0707	2152669	GCAGGGATTTTGTACTTGCAATTGTCACTAAAATGCCTCATCTCCGGCCATGGGCGCTGCCAAACGGTACTGATTTTTACAAAAAAACTTTTGGAGAACA	TGTTAA	AAGTGTCTGGCTAGCCT	TATAAA	TAAGA	CAA	CAACCAGATCATTGCACGAGGAGTACCAGGTTTGAAAAAAGTAGAAGCGATTATTCGCCCCTTTAAACTAGACGAAGTCAAAATTGCGCTGGTTAATGCA
CDS	2215955	+	2216151	2216396		SGL_RS12275		2215947	CTTTGACGCCAATCCAAGTATATGACCATTGGGCTAGCCCCGCACTGAGGGGGATTCATCAACAAAACTTATCGTGTTTGTCAAGATTTGTTAATTTTGC	TTGGCT	AGTCAAATTATTATCCC	TATCAT	TTTGTA	AAT	ATGGATACAGAAATTATTCCTTTGACTTCCAAATTGCCCTGGTTGTCGTTCCTAGAGTCTTGGATTTTCTCCCGCTTTAGGGAACTTCAGTGGGGACTTG
CDS	2221035	+	2221173	2221631		SGL_RS12295	slr1928	2221033	GATTTGTCCCAACAACTGCAGCGGCCTCCGAATTTTTCCCCAAGGATAGTTAGTTAGACATTAAAACAATACGTGTTTATGCTGAATGTGTCCTGGGTCA	CTCAAT	GGTGAATGGTGTTAGAG	TAATAT		CAT	CAGCCACGATATGCTCCCCCCAGGCTTTTATCTCTCGTCAGGTTCAGCTATGTTTAAGGCTATTTTCCCAAGGTATTCCGTTGGCGATCGCCGTTTGCTA
CDS	2248539	+	2248578	2250176	gpmI	SGL_RS12450	slr1945	2248531	GTCAGGAGCCTTTACCTTTGCAATTGGTGCCCAGCCTCACCCCAGCCCAACTCCAACAGGCTATGGATATTAATAACTAGTACTCGGTCTAGGGCAGGAG	TTGCCC	CGGATGTTTTTGATGG	TATTAT	CAAGGG	CAT	CTTTTGCAGACTTTATAACTGTAGTGAGGCAATAACCATGGCAGAGGCACCGATCGCCCCGGTGGTTCTGGTCATCCTAGATGGCTGGGGCTATCGCCCA
CDS	2250210	+	2250241	2250474	secG	SGL_RS12455	ssr3307	2250202	TTTGCAGTTGCCCGTTCCGGCGGAAATGACTGGTAAAACCTTAATCGATCAGCCGTTGGTAGAAATCAAGGCCAATCGCACTCCGGTCAATCTCTCCCGT	TAGGTA	GGGGGATGGAAAAGCGC	TAAAAT	AAAAAG	CCT	GTATGATCGCCGAGGGGCGCTGAATTGTTATGACTTTGATTACTGTTCTACGAATTATTTGGATGGCTTCCGCCGCTCTGTTGACCGTACTGGTGTTGCT
CDS	2260229	+	2260663	2261631		SGL_RS20035		2260223	AAACAAAAACCGGAGGGCTACGTCTAGGGGGTCAGTTAACCACTGATCTAGATTCGTTACTATTTTTCACAACTCTGTAAAAGCGGGAATTTCCACCAGC	TTGTCG	AATCATTGAAAGCAGGT	TAATCT	TTCT	TAG	CAGTCTTCATTCTTCATTAGGTATATTGGCTCAGTCAGATTCAGTCGTGGAATTTAATCTCCCATTAAACCTGAAATGACTGGGGCGGTCTAACAATCTA
CDS	2262767	-	2251657	2252958		SGL_RS12465	sll1841	2262779	TGACTTTTATATGTTCCGTAACAAGGACACAGATGAAATCAACGTCATCTACATTCGTAACCATGGCGGCTATGGCGTTATTCAACCCCACCAAGCCAGC	TAGTTA	ATTACTGAAGTGAAGTC	TAATCT	AACCTAGTGT	CAT	AACCTCAAAATAAAGCAAGGATGGGTCCTAAGGATCCATCTTTTTTGTTGCCAAAAACTTTATTCCGTCGCCCCCTCAAACAAAAGCCCCCAGGCTTTCA
CDS	2287642	-	2287334	2287579	psaC	SGL_RS12620	ssl0563	2287650	GCTTTACCTTTGCTTTAAGCTCTGTTGAAGCGGTTTTTCTTGGTTACAAGCTCAAAGTCACTCTAAAGATGTAACAGAATTTGAAGTTATGGCGTTTTTT	CCGAAA	GGAAATTCAGGTGTGGGG	TAAACT	AGCCCA	TAA	TCCTGACAATATTATTTTTTTCGACTTTACGGAGAACCCTCGGTTAAGGAGCCGATAGTCAATGTCCCATAGTGTAAAAATTTACGATACCTGTATTGGT
CDS	2292187	+	2292188	2294878		SGL_RS12650	slr0335	2292182	AGCGTTCCGAAACGTTCTACCCTAGATGCTGATTCACTTTTTTATGATGAACCTTTAAATAAGCCTTGGCCGGGCGGCTTTTTCCCTCGTTTTAAGGCGA	TCGCAA	TTTTGTTAATGGGAGAT	AATGAA	ATC	CAA	TGAGTGTTAAGGCAAGTGGTGGCAGCTCACTAGCGCGACCCCAACTCTACCAAACCGTTCCCGTCTCCGCTATCAGCCAAGCAGAGCAACAGGATCGCTT
CDS	2338596	+	2338636	2340237		SGL_RS12850	slr0186	2338589	AGCAGAGGGGGAGAAGAAAGGGCAATGGGACGATAAAGCAAATTACTCCTTAACGCATTAAGGGGAAACCAATCGCTACCGATTTTACCTCTTCAAAGTA	TGCCAA	CGTCTAAATAGACAAGA	TACAAT	CAGAA	TCT	ATCTGTGTCTTTTTCACCCTTGAAAAGGTGCGTTTATTATGAATAGTCCTGTTGATCGTATTTTGATTTTCGACACCACGCTTCGCGATGGGGAACAGTC
CDS	2347293	+	2350333	2350983		SGL_RS12885	slr0363	2347286	ATGCTAGTCAAGGCAAAAGTCAATCCCCGTAGGCTATAATTTTGTTACAAAACTTAATAAGAAATGATTATGAGAATTATAAAGAGAATCTTAAAAAAAG	CGGCGA	TCGCCTGGGGATCAGC	CATAAT	TGATC	CAA	CGAAATAACACGGGGTCACCTTTATAAAGACCCTTAACATAATAAAAAACACGGGGATCAGGTCATTTTGGCTTGATCCCTTTAAAATTGTGGCAATTTA
CDS	2405336	-	2405109	2405312	rpmI	SGL_RS13070	ssl1426	2405343	CGGCAAGCACCAAAGTTTGCGGCAATGCACAGATCTGTGGGAGCGTTTTCCCCAGGGAGATTAGGAGAAATGCATGTAATTGCCTTAATTCATCTGAAAA	TTCCAA	CAGCAGGGTTAGCCATGG	TATAGT	GGAAG	ACT	GTGTTCGATTACCAGCCACATTATGCCCAAACTTAAAACTCGTAAAGCCGCCGCCAAACGATTTCGCCCAACCGGCAGTGGCAAGAAGATTATCCGTCGC
CDS	2446223	-	2444875	2445426		SGL_RS18995		2446231	GATTAATAAAAATCAACTGGCTTGGGGTGAAAACGTATAATATTTCCATTAACAATTATGGTCAGACTCTCCTAGCCAAGTATTAGATATGAGCCGATAT	GGGAAA	ATACGTGGGCGATGATGG	TAGACT	CGAAAC	CAT	AGCACAAAAAAAGGTAGCCTGCCATGACACCAAACATTGTATTTCCTGCCACTATATAGACAATTATTGCCGTTGATTAAGGGAGTAACGGAATTGATGG
CDS	2453751	+	2454087	2455082		SGL_RS13315	slr0355	2453743	CTTGCATGTGTTAGGCATACCGCCAGCGTTCATCCTGAGCCAGGATCAAACTCTCCATTGTGTTAAAAATAACCAATTTATAAGTTTCGGCTCTTTTCTA	TTGCTA	TTTCTTCCGACTTGAGT	TACACT	CTTTGT	CAA	GTAGAAACAGACTTTGGTTTGTTAATTGAATTAACAAGGGTCTGGTTTCTGTCTCTCAAACTATTTCTTTGTCTAGGTTCGGGGCGCTTTCGAGTCGCTT
CDS	2468905	-	2466407	2468872		SGL_RS13375	sll0020	2468913	ATCTGGGCACAGGATTATGGCGGTTGAGGTGAGGAAAACCCCACAGACGCAGTTCGCCATTCCACCGCTAAACCTACACCCACGGCTGTACCCAGGGCAA	CAGCAC	AATAAAAGCGCTATGT	TAGAAT	CAGCAA	TAC	ACAGGGCACGCTGAGGTGATGGATTTAGATTATGTTTGAACGCTTTACAGAAAAAGCCATTAAAGTAATCATGCTTGCTCAGGAGGAAGCTCGTCGCCTC
CDS	2471729	-	2470591	2471670	fba	SGL_RS13385	sll0018	2471737	GGTTAACTCAGCCATAGACTAGGGTGGGGGTAAAAATACGGGTCGAATTCAATGCCCTAGCACAAATTCCTTGGGGCAGGACAAAAAAGATCGTTAAAAA	TTGTCA	AGGCGCAGAAACTAGCC	TAAGAT	GAGACC	CAT	ATAAAGAATTGTCTTGCGACCCAAATACCCATTAGGCAATAGAACTTAGGAGGATTTATGGCTCTTGTACCAATGAGACTGCTGTTAGACCATGCGGCGG
CDS	2478259	+	2478414	2479826		SGL_RS13415	slr0009	2478251	ACAAGCCCAACTAATCACCATTTGGACAAAACATCAGGAATTCTAATTAGAAAGTCCAAAAATTGTAATTTAAAAAACAGTCAATGGAGAGCATTGCCAT	AAGTAA	AGGCATCCCCTGCGTGA	TAAGAT	TACCTT	CAG	AAAACAGATAGTTGCTGGGTTATCGCAGATTTTTCTCGCAACCAAATAACTGTAAATAATAACTGTCTCTGGGGCGACGGTAGGCTTTATATTGCCAAAT
CDS	2504291	+	2504415	2506043	guaA	SGL_RS13520	slr0213	2504284	GTCTGCCGCATTCAACCGCTCTGCCACCTCTCCAGGGAATTCTTGAGAAGGATTTCTGCAATTTTCCGCCCCCATCTTAGCGCAGATTTGCCGTGGGTTA	TTCTGG	GCTTCAGGTATTGGGG	TAGAAT	ACGGG	GAT	TGTTGACGACCATGGCCTTGCCGTCAGTTAGACCCAGAAACGACACCACGAATCTAGTCTCTCTGAGGTGTGCCTGGGGATTCGCCCTCACCTCCAGTAT
CDS	2512423	-	2511514	2512209		SGL_RS13555	sll0208	2512430	CGCTCCCCGCCGTCCCCAGGCTTTGCGCTTCCTGATTGGTAATGATTCCCAAGTGGAACTAATTGGACCCTCTTCCTATCCCCAGGACTAACCTCCCCCC	CAGCAA	CTTAGACTAGTTTTGC	TAGAAT	GGTGC	CAA	CTCAAATCGCAGCAGATCTGGCCATGTAGATTACTAAATCAACTGGATAGGTGTTCCCTATGGTTAGACCGCTATGATCCTCCGGGATTTGCATTAATTT
CDS	2526307	-	2525827	2526207	petE	SGL_RS13610	sll0199	2526315	AAATATAGCTAGAACAACCAAGCATTTTCGGCAAAGTACTATTCAGATAGAACGAGAAATGAGCTTGTTCTATCCGCCCGGGGCTGAGGCTGTATAATCT	ACGACG	GGCTGTCAAACATTGTGA	TACCAT	GGGCAG	AAG	AAAGGAAAAACGTCCCTGATCGCCTTTTTGGGCACGGAGTAGGGCGTTACCCCGGCCCGTTCAACCACAAGTCCCTATAGATACAATCGCCAAGAAGTAT
CDS	2538944	-	2537896	2538807		SGL_RS13675	sll0191	2538951	CTGAACCTGCGGCTCCCGCTATGCCCGATATGGGTGGCATGGGCGGAATGGGTGGTATGGGCGGCATGGGCATGATGTAATCGTTCCATCCTTGCCATGA	TTGACT	CATCAATCCATTGTTAA	TAATCT	GAAGG	CTT	TGTCGCCTTTTGTCCCCTTTCCTTTACTAACTAGGAGGGGGATTTTTGTTGGCTTCAAAACAGTTAGAATTGTTCCAACCATCAATTTTCAGCAAAAAAT
CDS	2549362	+	2549388	2549951	efp	SGL_RS13730	slr0434	2549354	GGCCCCGTCGGGTAATTATCCCCAGGGGAGTTTTAATAATTTGCATCATAATGATTGTGGTTTGTTCTCCAGCATAGGGGGCAACAGCAAAATTTTCCCA	CTTCAA	CGCCCCCATCCCCTAG	TAGAAT	GTTGGG	TGA	ACTTTTGAGTCTTCCTTGGCTTCCATGATATCCAGTAACGATTTTCGCACAGGTACCAGTATTGTGATGGACGGCGCAGTCTGGAAGGTGGTGGAATTCC
CDS	2676709	-	2676207	2676425		SGL_RS14355		2676716	GGGGCATAAACGGGAAAAACCCATTGGGATCAAGGACTTGGGCGACATTAGTTAACCCATGGCCATTATCTAGCAAAGCTTAATTAATAGTTAAGAAAAC	CTGATA	CAGTCCGTCGAGAGTGT	TAATTT	CTTAG	TCT	CAGCAGGTCACTGCGGCCTGAAAAGTTCGTCAGCGGCGTTGTTTTCCTTGATTAATTACCTAAGCTATCTAAGGACCAACACGACGTAAATGGGCTTGAC
CDS	2706438	-	2705678	2705983		SGL_RS14490	sll0376	2706439	AAATTGGGGGTTAGGCCCCAGAAAATCTTATTAGAGAGATAAACAAAGTTTATTAAGGTCTGTAAAAGCTTGCATTACAAGGTGTAAAGAATTTGTTCCG	TTTCCA	AAAAGCAGTGGGACAAT	TTGGAT	*	TAG	TGGTGGGTGATCAACAGCAGATCAAATCTTTTGTGAACATATCAACTCAATGTTTTGGGAGGAAACCGACCATGTTCTGGAAGCTCAGACAAGTATCCCG
CDS	2716653	-	2713371	2716616	carB	SGL_RS14530	sll0370	2716660	GCGTGGTGGCGATCGCCTGTGCCCTAGGCTGGGCGGTGGGGGCGATTAAATAGGATTCGGACCCGGATTTTTGGTCAATAAACCTGGATATGGGAACGGG	TGGCGA	TCGCCGATAAAGCCTA	TACAAT	GATTG	GGA	TCGAAATCCCCATCACGTCTCGGACAGTTTTACCTATGCCACGCCGCAACGACTTAAACAAAATTATGATTTTGGGGGCTGGCCCCATTGTTATTGGTCA
CDS	2730523	+	2730688	2731563	egtC	SGL_RS14605	slr0199	2730516	TTTTTTGCTCCCATCAATTCCGGAGTGAAGCGGCAAAAGTCAAGTTTTCTTGATAATCAACCCAGGCGCTGTGACAATCTCTTAACTGTCATAGTGTCCA	TGGGGT	AGGTGGGTGAGGAAGT	TATTAT	CTAGA	GGT	GTGTGAGGAGTAAGTTGAAGCCCCCGGAGTCGAAACAAGGAAAGACGCCCAGGGGCTTTTTCTTGCCTTTTTTTTGCCCTGAAAGATTTTTCAAGCTGGT
CDS	2741378	+	2741422	2741571		SGL_RS19480		2741371	GTCTGCATTGCCCTACCGGAAAGGAAAAAAGCGCCCTTACCCCAACCCTGGCAAACGGCGATTTGTGATTTGGATCACCCGTGAGGGGTGATTGTCGTCA	TTGTCA	AACTAAATCAAAACAT	TAAACT	TAGAC	TGG	TGAGATTTAGCCTGGCGATCGCCTGGGCTTTGGGTGATATCTGTGAAAATTTCTTCCCAACCGTTGCGACCCTCCCCCTACAAGGCCTACCGAGACCCTG
CDS	2769102	+	2769125	2770633		SGL_RS14775	slr0898	2769096	TAATGATGATGATTGACTAAAACATGTTTAACAAAATTTAACGCATATGCTAAATGCGTAAACTGCATATGCCTTGGCTGAGTGTAATTTACGTTACAAA	TTTTAA	CGAAACGGGAACCCTA	TATTGA	TCTC	TAC	TGTTATCTGGCTTGAAGCGTTGTGGCTAATAAATTTGAGACCGTTAAGGCAACCAAAGATGGTTTGGCTGTCCGGGCTGAGTTGGAACATTTTGCCCAGA
CDS	2804637	-	2804228	2804584		SGL_RS14935	sll0554	2804644	GAACCCCAATGCCATTAAAGCTTTTGTGGAAATTAAAGACGTGGGGTTAACGCCCCATTTGGAATTACCTGGGGTAACAATTGGGGTGATTCGTCGGTTT	TTGGCT	CTGCTCCAATAGTGTGT	CAAGAT	AAATA	CAC	CGACGGCAAAATTGGCGTTTGTGCCGACCATCTAAATTCCCTTGAGAATCTATGACCAGCAGTGACACCCAGAACAACAAAACACTGGCCGCAATGAAAA
CDS	2831068	+	2831106	2831303	rpmG	SGL_RS19055		2831062	CCAACATTAAAAAAGCCCTGGAGTCAGAACTTGCTTTCTACGGCGAAGTGTTCGGCTTTACCCCTGCCAAAAATTGACGGCCAATGACCAGGGGCAGATT	TTGTCC	CAAGACTAATTTGTGC	AATAAT	CAGA	GTT	TGCGTATAAATTACCGTATTCCTTCCCGCAACAGTTATGGCTAAAAAAGGTAAGGGGGCACGCCTCGTCATCACCCTAGAATGCACCGAGTGCCGCAGTA
CDS	2833083	+	2833318	2835867		SGL_RS15095	slr0829	2833076	TGGGGGAAGTGGTTACCCTGATTGGCCAAGACGGCGATCGCCAAATCACCGCAGACCATTGGGCCTCTACTTTGGGCACCATATCCTGGGAAATTCTCTG	TGGCTT	CAAACACCGTCTACCCCG	TATTCT	TATCT	AAT	CAGCCATGGTGAATCCCTTGCAACCATAATTGCTGACCGGAAAAACTGCCCAGTTGCCAAGCCCCCAGAATTTCGCTCGAAGGTCAACTAAATGGGGCCG
CDS	2900872	+	2900980	2901978		SGL_RS15370	slr0093	2900870	TAACCAGCTGGTGGTGGCGGGCTATCATCTGGGGGTTTCTCCCCAAACCTTGGTCCATTGGTATCGGGGGGCAAAACCGAATCGGGGGAACCGGCCAAAC	TCCGAC	GGGACTTCTTGTTAGAG	TAAGTT		AGT	TAGGGGTAAGGCTGGGGCAGTTTGATCAACTCCATAGCCGGTTTGGATAAACTTTTCCTGGCTTTGCTCCAGGGCGGCAGTTTCAGGTCACAGGAGGGAC
CDS	2939614	+	2939802	2940515	bioD	SGL_RS15560	slr0523	2939607	ATGGGGCCGATGTCCATGCCCAAATAACGGGCCACTTCTTGGGATAAAGATGGGTTGGATGATCCGGAAAAAAGACGTAAGCGATTGTTGTCAGATAAGG	CAGACA	GCATCGATTGACGTGT	TAAAGT	AGCGA	TAC	GGCTCACGGCAGACACTTTACCCCCATGTCATGGCAGATTACTGGTGTTTCCCTTAGTCGGGTGCCCGGAAGCAAACCCAGGGTTTTCGATCCAATCATA
CDS	2961082	+	2961120	2961443	trxA	SGL_RS15650	slr0623	2961072	TGGATGATGTTCGGGCGGTTTCTTCTTATCTGCTCCCCAGGGGGAAAAGTGTGACGCCAACTGTGACAAAAGATGAATAAATTCTAAGTTTCACGATATT	TTTCCA	TACAGGGGTCAACAATT	GGTTAT	GGTAGTAT	TCT	AATCAGCCCATCACGAGGTTTAGAAGGATTTCCAGTATGAGTGCTACCCCTCAAGTTTCCGACGCAAGTTTTAAAGAGGATGTATTAGACAGCGAGTTAC
CDS	3118135	+	3118192	3118302		SGL_RS16365	smr0003	3118131	TCAGCCAAAGCTTTGAGCACCACCTCAGGACCAATGCCTGCCGGATCACCCAGGGTCAAAATTAAACGGGGCAAACTCATACAATCCATGCTCAATCAGG	TTTAAG	GGGAGATTCCTATGGGA	TAATGA	AC	CAC	CGACAACAAAGATTTTTTCATCCCAAATTATTCATCCCCCATTGAGGAATTGACTATGACCGCTGAAAGCATGTTGGCCAATGGCGCTTTTATCATGATT
CDS	3138743	-	3136019	3138604		SGL_RS16440	sll0737	3138751	CGATTAATTTGGAAAATGTGTTGGTTAAGGTGACATTATCGATGGGTCCGAGGCAAGTCTAACATCTAGGCGATCGCCGCGATTCACTCAATCGGGTGAG	TGGAGG	GCCCTAAATTTTGGTT	TAGAAT	CGTAGA	TAC	AGTGAGGTTAAGAAATAAGCAGAACTCGACGCGATTTCCTCCTCACACACGAAAATCTGATTACCGTCCTCCGGGGCGGTTTTTTTCTGGGAAGAGGGCA
CDS	3140221	-	3140045	3140164		SGL_RS19120		3140229	GGGTGAGATTACAACAAGCGCCACATCCCTGCATGCAATACCAAGTTGCCATGGCCGGTCTCCTTCTTCACATAACTTTATGTATTTTTATGACGGCAAG	TCCAGG	GGACGAAACCAACCCAGC	TATTAT	AGACAT	TGG	TTTTATTATCCTTGCTTACGTTGAGTCTAGCCAGCAGTTTTTAACAGGAGAAATTATGGAATTATTAGCCGCACTCAATTTAGAACCTATTTTTCAGTTG
CDS	3164387	-	3162738	3164243	crtH	SGL_RS16540	sll0033	3164394	GATTATCCCGATTTACTCCAGCAGGCGATCGCCTTGGCCCAGTCTTTGGTGCAACCCTGGAAGGAACGTCGGACATTTTCGGAGAATGTCTCCAACAATA	TTGACA	ATAATTTGCAGTAATCTG	TATAGT	GATTT	CAC	AGTGTTCTCTTCTCAAGGATTCAGTAGGGGGTGGCTCGGCGATCGAGTGCTCCCTGTTTTTTTGGCGGCAAAACCTTAAACTGATTAGTTGGATTGCTCC
CDS	3165667	+	3166050	3166448		SGL_RS16550	slr0038	3165666	CCAGGGAAATTGTCTGTTTTCCCGGAGATAAGTGAAATTTCGCTACTTGTCACAGAACCAAAGCACTCCCCGACACGTCAACAATGCCCAGAGCAATTCA	CGGAAA	GGTTTAGGGTAAACTA	TATCCT	*	TAC	AACCAAGTTCGAGAACCTTCTGCTGTCGGGCGGATAGTGGAAGCAAAAACAAAATGCCTGTGGATTCGGTCTGACTTAGGGTTAACCCATCAGGAGTCTA
CDS	3182134	-	3181708	3182013		SGL_RS16605	sll0517	3182141	AGCTATAGGCACGAGCCGTCTAAGCAATGGTACCATTCTTTTCTGGTTACTCTGGGGGAGGAACTTTCGTGGTTCCATATCAGGAATTCAAGACCTAATA	TCCCCA	GCCGAGGGGAGAACGTGT	TACTAT	GCCCC	CAT	AGAGTAATGATCGGTTGGTAGCATTTGTTTCTAGTATTAACGGTTTTTCGCGTTTTTCCATTGACAGGCATTTCTCCGAAATCACCCTCTACATATCCCT
CDS	3184700	+	3184733	3186250		SGL_RS16625	slr0528	3184692	GTTGACTGAACTCCCCCTTCTTGCTGGACGGAGAAAAGGTAATTCCCGTTCGCATTAATCAAGGTCAGCCAGGAAGCTTTGCAACCAGTACACCAGGAGC	TAACCT	CCGTTGGAACATCTCGGG	TATATT	GACCTT	CAT	TGACGGCAGATTTGATTGGGGAAAAACAACCATGGTTAAGTTAGGGCAGTTATTGGCATCGGTTCCAGAGGTGGTGGCCGCCGCCCCTTGGTTGGCCCAG
CDS	3235209	-	3233816	3235186	glmU	SGL_RS16850	sll0899	3235215	CACTTCCGTATAAATACTTAATTTTCTAGACTTTGGGCAACTCTAAACTTTTTGTTAAGGTTTTGCCAACGGTGACTGGCTGGTAGTTTTCCCCCTGAAT	TTGCCT	TGCCCCAATCACGATA	TACTCA	ATGG	CGA	CGATCAGGACAGAAAACCATTATGGTGGCGGTTGCAGTATTAGCGGCGGGGAAAGGCACCCGCATGAAATCAGATTTACCCAAGGTGCTCCACCAATTGG
CDS	3238302	-	3237125	3238258	dnaJ	SGL_RS16870	sll0897	3238305	ACGATAGTGTAGATGCCATTGCCATTGCCCTGGCTGGTCTGAACGGAGTCCGCAACGACATTGGTTAAGATGCGGAGGTGGGGATTTCTGGGCAACCATC	TGGGGG	CGAGAGTTTGCTACAG	TAAACA	C	TAC	AGAAGCCTTGTCAATTATTGTTAAGCAAAACATCGACGCATTATGCCTGGGGATTATTACCAAACGCTTGGAGTGACGCGGGATGCTGATAAAGATGAAA
CDS	3247937	+	3248310	3249326		SGL_RS16920	slr0549	3247930	CTGGGTAACTTTCATTGATGGGAAATCTCGATGGTGAAACAATGGGGGCAGTGGGCACTAAGTTCACCCCTGGAGGGCTGGGAAGGACTGCAGAAATCGG	TCTGTG	GGCCCTTCTACCCGTGT	TATGCT	AGGTT	CAC	TTAGACCGAGGGAAATGTTTCCCTTCTAGCCCCGCAACGCAATGGCTCGGGGAAGACCTGTGGCGGTCAACCCAATTGATCATAATATAAGCCGGGTGCC
CDS	3248009	-	3246401	3247816	tig	SGL_RS16915	sll0533	3248020	CAAAGCCATTATTGAATTGTCCAGCTAGAAAAATCATTGATTTAGTCCCATTCTCTCAAACCGGCCTGGGGGACCCCCCGGCGGGAAAAGATTCTCGCCC	TAGGAA	AAAATGGCACCCGGCTTA	TATTAT	GATCAATTG	GGT	TGACCGCCACAGGTCTTCCCCGAGCCATTGCGTTGCGGGGCTAGAAGGGAAACATTTCCCTCGGTCTAAGTGAACCTAGCATAACACGGGTAGAAGGGCC
CDS	3250530	+	3250985	3252907		SGL_RS16930	slr0551	3250523	GCTGAAATGATCTTTGATCAAATTTAATCAATTACCATCAACTCCATGGCTAAATCCCTGCCCAGTGTCGATGATTTCTCAATTTTTTTCTCAGAATAGG	TACCTA	TCCGGAATGTATATGC	TAGAAT	GGCAT	GAA	CTTAAGAGCGAAGTAAGTTTTTCGATTCCGTCCAAACCTGAATAGATAATCCATCCCATATGCGAGCTAGTTCATTACACCGATTAGCTAAAGGCTTCAG
CDS	3279185	-	3278122	3279135		SGL_RS17045	sll1342	3279193	AAAAACTCTACCCCCAGGCATAGACAAAACCCAGAGGCCACGGTAAACAGCGACGGAGAGAAAGGGAAAAAGATTCCCACCCCCCCTTTGAAATTCGGGA	TCTAAG	TGTTCAGGCAATAGGA	TATGAT	TGGTGT	CAT	TAATAATCCTTAAATGTACTGAGCTAAAACAGAGAGGGCAAGACGAACGTGACTAGAGTAGCAATTAACGGATTTGGACGGATCGGACGCAACTTTCTCC
CDS	3279336	+	3279390	3280907	murC	SGL_RS17050	slr1423	3279328	CCTATTGCCTGAACACTTAGATCCCGAATTTCAAAGGGGGGGTGGGAATCTTTTTCCCTTTCTCTCCGTCGCTGTTTACCGTGGCCTCTGGGTTTTGTCT	ATGCCT	GGGGGTAGAGTTTTTGC	TATGAT	GTCGCT	CAA	TTACAGGTGCGGTGAACCGGCAGGTGATTGTAGACGTTAACATTTATGGCTTGTGAGGAGCGTTGCTGTGGGTGCTGTGGATTTTAGTGGTCGTCCTTTC
CDS	3313507	+	3313667	3315754	fusB	SGL_RS17200	slr1463	3313493	ACAGCTAAAAAGTAGTTAGTGGGAGGGCTTTTGATGGCGGAAAACAAAACTCTCTTTCAGTTCATCATTTTCGTTCACCCTCGGCGATCGCCTCCTCTGC	CTGGGG	ACTCTGTTGGGGCACA	TATAAT	TTACAATTGTTA	CAA	TTGTGGCTGTTTTAAATAGGCCTCCCCTTTGGCCTGTCGTTGTGGCATAAAGTCTAGCTAAGGCCCAGAACCCCGACCGGCAAACAACACGACCCCATAA
tmRNA	3317166	-	3316759	3317157	ssrA	SGL_RS18440		3317173	GTTTTCCTGAACCAACCAATGATTTAAGTTAACTAGTTTGGAGAGGGAGCACTTTTGTTAGCCATATTGGAGCAGAGGCTGGAGGTGGCACTGCTCCTTT	TTGCCA	TCCCCCCAAAAAATGGTT	TATAAT	CGGGG	TGT	ATATCAAGGGGCCGCAATGGTTTCGACAGGTTGGCGAAAGCTTGCCCGTGATACAGGTCGAGAGTGAGTCTCCTCTCGCAAATCAAAGGCTCAAAAAAAA
CDS	3318736	-	3317701	3318696	ilvC	SGL_RS17215	sll1363	3318743	AGCTGATTATCAATGGATTTAACAGTGTCAATTAGGGCAAGCATAGACCAAAAGCTAGAATTTAACAGATGCAGAATTTGATCCTACAACACTTACAGGA	CAGAAT	AAGCAGACCGGCCTTTGC	TATGAT	TAAAA	GTT	TGCAGAGCACCATTCAATCGCAGCAAGGAGATAGTTACATGGCTCGTATGTATTACGATCAGGATGCCAATCTTGACCTCTTAGCCGGAAAAACCGTGGC
CDS	3338657	+	3338682	3339485	proC	SGL_RS17305	slr0661	3338649	TAACGGTTTGTTACCCAGTGCAACCTGATCAATTGCCCGATTGATGAATTGAGCAATGAACCCTAGCAACTCCCCTATCTCCCCGACTTAGCCATAGGAT	TCGGTG	GAGTTGGGGGTTCAAGG	TATAAT	TCTGAA	TAC	TATTGGGAATAGCCTAAATTACAGTGTCCATTCAACTCGGTATCATCGGCGGTGGAGTAATGGCTGAAGCCATCCTGGCCCGCTTAATCGCAGAAAAGAC
CDS	3361998	-	3360732	3361886	carA	SGL_RS17390	sll1498	3362005	GGGTTTGCCGGTAGAGGTCCACCAACTCTTGTTTATCGGTGTCGGTCAGCTTAGCAGGACTCATGGCAGTAACCATCAGGACAATTTGACATTAGTGGAA	CAGACG	ACAGGGGCGAATCTGC	TAATAT	GTGGT	TGA	TTCGGCGGCGGCCGGGCAAAGGAGCACAGCCTTGGATAAGACTCCAAGGACTTAACTTTTTCCCACTACGGCCGAATGGTCCTATTCCAGCTACCTTGCA
CDS	3398352	-	3395763	3398261		SGL_RS17565	sll1477	3398359	AAAATTCACAATCTACGGCGAAGGACGATGGAAAAAGCTTCGGAGTTCTGCTTTAGGTCAAAGTTTCTTGAAAATTAAGTTTTTTTCCAGGTCTGAAGCC	TTGACA	ATCCCCGTTGGTGATT	TATACT	TAGGA	CAG	GTGTGAGGAAATTAGAAAAACATCTGGAGTCGAAACAAGGAAAGACGCCCCAGGTGTTTTTTTATGGCAATTTTTAGGGCAGTCCACAGATGAAGCAATG
CDS	3422536	+	3423032	3424381		SGL_RS17685	slr0753	3422528	AGAAAATGACGACGGGAGAAAGCATGGATTGGTGGGCAACAGCTACAGGGAGAATAATCAGGCAAATTAACTGGTTTGGCCATAACGAAGAAGCATGGGG	AAGGAG	ATGATTGACGCTTGTGC	TAGAAT	CAAACG	TCA	ATAGATAACAGTAACAAGTCAGCCTAATTTTTATTTCTTCAATACGCCCTGAATTTTCTGAACGGTGGCGTGGAGGGAACAGAAAGCGGGGGAACCAATT
CDS	3433018	-	3431317	3432972	pgm	SGL_RS17740	sll0726	3433025	GCGCTGGGCCGTGTATGGCCTGGGGTAACTTTGGCAATTTTTTCTCTATGACCAGGGATTTGGAGACTTTTTCTTTTATCTCTTTGCCCATGGATAGCCC	TTGGCT	AGTTAACCCTTTTTGGC	TAGGAT	TTGGG	TGT	CTAAGCCCCTGATCGCCGCCCTCCATTTTTTACAATTTTTGTATATGACAAGCAGAATTAATCCCCTCGCCGGCCAGCATCCCCCCGCCGACAGCCTTTT
CDS	3516536	+	3516569	3517858		SGL_RS18090	slr1176	3516528	CAGTGATCTGACAACTCAGCTCCGAATCCCAACGGCGATCGCCATTCTTGCTTGGGGCATTAAAACCCGCTGGTTAGCCGGAATTTCCGTCCAGATTCCC	TTTCCA	GATGTCCCCCTCGGTTC	TAAACT	TGACTT	CGA	AGTGTGTTGTTGGCAATCGAGAGGTCTGCTTGTGAAACGTGTCTTAGCGATTATCCTGGGCGGTGGGGCCGGGACCCGCCTCTATCCTTTAACCAAACTC
CDS	3549847	-	3545120	3546493		SGL_RS18260	sll0572	3549860	GCGGAAGAGCAGGGGGAAGATGGGGATTTTTAGGAGCTAATCCGATCATTTGCCCAAAAGCCTCTGCTTTTGGTCGTGGCTTATGTCAAGTGGTCGGGAA	TTTCCC	GGTTTTAGAAAGTGTTT	GAAAAG	TACACTAGGTA	TTT	ATCCCCCTAAATCTCCTCACTAAAGCTCCGGCTTAAAAAGGGGTACTTTTGTGACAGTTCCCCCCTTCTTAAGGGGGGCTAGGGGGGATTAAACAGCCAA
CDS	3553949	+	3553977	3555512	purH	SGL_RS18300	slr0597	3553943	AAGAGAAGGGAGAAGTTTTACTAGATTGTTTGGCAGATGGTTGTCGTCAGGCGATCGAGGCAGTGTACCATTTCCAACCGCCTAGTCTGGACAGGAAAGG	GTAAGG	GAGACCAACTCCTGGGG	GATAAT	GGGG	GAT	GGAAAAATTACCAAGAGGAGAAGGCAATGGCCCGTTTAGCCCTGCTGAGTGTGTCCGACAAAAGTGGCATTGTGGAACTGGCCCAACGGCTAGTGAATGA
CDS	3569623	+	3569672	3570319	hisIE	SGL_RS18375	slr0608	3569616	TTTGAAAGCATTGTACGAGAAGGCGATCGCCGAATAGAACCAAGTCGATTTGGGTTTATGAAAGCCAGAGGACAGGGCGGGGAGAATGCAGTTGCTCAAC	TTCCTG	CGGGAATACGGCCAGTGA	TAGGCT	AGAAA	GAT	AAATGTCAAGCCGTTCTGCGGGGCGGAATTCCCCCATCCTTCCTTTGATGAGCCACTCTGATTTGCCTTTGGCTAACGCTGTCCCCCTCGATAAAATTCG
CDS	3573067	-	3561162	3561665		SGL_RS18340	sll0563	3573074	CTCTTGTGAACTAAAAATGTCGATTCTGGATTTTTGGGGTGATCGCCGCCCTTGACTGAACTTTGTTCTACTTTTGCGCTGATGCCGGAGCAAAAAAAGA	TCCCCG	GACTCGGGCTGGCTGTGT	TAGGCT	AGGGG	TAA	GGATTTGCAATCAATTACAGAGAGCTCTCCAGGGTCTAGATTTTGTCTGATCCCCGGTTTTTTGGCGTCGAGTCGTACTCATTAGTACTATGTCTGTCTC
